{
  "DGS2_1d": null,
  "DGS10_1d": null,
  "DGS30_1d": 0.03000000000000025,
  "spread_2s10s": null,
  "spread_10s30s": null,
  "real_10y_1d": 0.020000000000000018,
  "term_premium_10y_1d": null,
  "CPI_YoY": 3.2859577528651984,
  "CoreCPI_YoY": null,
  "PCE_YoY": 2.801756656951593,
  "CorePCE_YoY": 2.9677574014143726,
  "PAYEMS_MoM": null,
  "UNRATE_MoM": null,
  "AHETPI_YoY": null,
  "CIVPART_MoM": -0.10000000000000142,
  "ICSA_WoW": null,
  "CCSA_WoW": 12000.0,
  "INDPRO_MoM": -0.5541999999999945,
  "RSXFS_MoM": 12152.0,
  "HOUST_MoM": null,
  "UMCSENT_MoM": null,
  "TCU_MoM": -0.48109999999999786,
  "WALCL_WoW": 1723.0,
  "RRP_WoW": 0.20899999999999996,
  "TGA_WoW": null,
  "SP500_1d": -35.10999999999967,
  "VIX_1d": -0.19000000000000128,
  "DXY_1d": 0.013899999999992474
}