{
  "DGS2_1d": -0.010000000000000231,
  "DGS10_1d": 0.0,
  "DGS30_1d": 0.010000000000000675,
  "spread_2s10s": null,
  "spread_10s30s": null,
  "real_10y_1d": -0.010000000000000009,
  "term_premium_10y_1d": 0.01650000000000007,
  "CPI_YoY": 3.2859577528651984,
  "CoreCPI_YoY": 2.602167705486824,
  "PCE_YoY": 2.801756656951593,
  "CorePCE_YoY": 2.9677574014143726,
  "PAYEMS_MoM": 178.0,
  "UNRATE_MoM": null,
  "AHETPI_YoY": null,
  "CIVPART_MoM": null,
  "ICSA_WoW": null,
  "CCSA_WoW": null,
  "INDPRO_MoM": null,
  "RSXFS_MoM": null,
  "HOUST_MoM": null,
  "UMCSENT_MoM": null,
  "TCU_MoM": null,
  "WALCL_WoW": null,
  "RRP_WoW": 0.18,
  "TGA_WoW": -99342.0,
  "SP500_1d": -7.769999999999527,
  "VIX_1d": -1.5500000000000007,
  "DXY_1d": 0.15349999999999397
}