{
  "DGS2_1d": -0.09999999999999964,
  "DGS10_1d": -0.08000000000000007,
  "DGS30_1d": -0.0600000000000005,
  "spread_2s10s": 0.7399999999999998,
  "spread_10s30s": 0.6399999999999997,
  "real_10y_1d": -0.050000000000000044,
  "term_premium_10y_1d": -0.0010000000000000009,
  "CPI_YoY": 2.653312468710922,
  "CoreCPI_YoY": 2.648965653766222,
  "PCE_YoY": 2.772852363262901,
  "CorePCE_YoY": 2.7911779416272653,
  "PAYEMS_MoM": 50.0,
  "UNRATE_MoM": -0.09999999999999964,
  "AHETPI_YoY": 3.55396152592109,
  "CIVPART_MoM": -0.10000000000000142,
  "ICSA_WoW": 22000.0,
  "CCSA_WoW": null,
  "INDPRO_MoM": null,
  "RSXFS_MoM": null,
  "HOUST_MoM": null,
  "UMCSENT_MoM": null,
  "TCU_MoM": null,
  "WALCL_WoW": null,
  "RRP_WoW": null,
  "TGA_WoW": null,
  "SP500_1d": null,
  "VIX_1d": null,
  "DXY_1d": null
}