{
  "DGS2_1d": 0.04999999999999982,
  "DGS10_1d": 0.04999999999999982,
  "DGS30_1d": 0.02999999999999936,
  "spread_2s10s": 0.4900000000000002,
  "spread_10s30s": 0.5599999999999996,
  "real_10y_1d": 0.020000000000000018,
  "term_premium_10y_1d": -0.00019999999999997797,
  "CPI_YoY": 3.2859577528651984,
  "CoreCPI_YoY": 2.602167705486824,
  "PCE_YoY": 3.496081498479442,
  "CorePCE_YoY": 3.202758906974701,
  "PAYEMS_MoM": 115.0,
  "UNRATE_MoM": 0.0,
  "AHETPI_YoY": 3.666773882277252,
  "CIVPART_MoM": -0.10000000000000142,
  "ICSA_WoW": 10000.0,
  "CCSA_WoW": -10000.0,
  "INDPRO_MoM": -0.5541999999999945,
  "RSXFS_MoM": 12152.0,
  "HOUST_MoM": 146.0,
  "UMCSENT_MoM": -3.3000000000000043,
  "TCU_MoM": null,
  "WALCL_WoW": null,
  "RRP_WoW": null,
  "TGA_WoW": null,
  "SP500_1d": null,
  "VIX_1d": null,
  "DXY_1d": null
}