{
  "DGS2_1d": -0.08000000000000007,
  "DGS10_1d": -0.09999999999999964,
  "DGS30_1d": -0.08000000000000007,
  "spread_2s10s": 0.40000000000000036,
  "spread_10s30s": 0.5,
  "real_10y_1d": -0.04999999999999982,
  "term_premium_10y_1d": 0.03649999999999998,
  "CPI_YoY": 4.166614684049641,
  "CoreCPI_YoY": 2.8229420636110225,
  "PCE_YoY": 3.7669441141498172,
  "CorePCE_YoY": 3.289190610508208,
  "PAYEMS_MoM": 172.0,
  "UNRATE_MoM": 0.0,
  "AHETPI_YoY": 3.5576923076923173,
  "CIVPART_MoM": 0.0,
  "ICSA_WoW": 4000.0,
  "CCSA_WoW": 24000.0,
  "INDPRO_MoM": 0.6903000000000077,
  "RSXFS_MoM": 3075.0,
  "HOUST_MoM": -42.0,
  "UMCSENT_MoM": -3.5,
  "TCU_MoM": 0.44780000000000086,
  "WALCL_WoW": 13902.0,
  "RRP_WoW": -0.307,
  "TGA_WoW": -47591.0,
  "SP500_1d": 37.159999999999854,
  "VIX_1d": -2.7799999999999976,
  "DXY_1d": 0.7215999999999951
}