{
  "DGS2_1d": 0.07000000000000028,
  "DGS10_1d": 0.0600000000000005,
  "DGS30_1d": 0.04999999999999982,
  "spread_2s10s": 0.5,
  "spread_10s30s": 0.5699999999999994,
  "real_10y_1d": null,
  "term_premium_10y_1d": -0.00019999999999997797,
  "CPI_YoY": null,
  "CoreCPI_YoY": 2.602167705486824,
  "PCE_YoY": null,
  "CorePCE_YoY": 3.202758906974701,
  "PAYEMS_MoM": 178.0,
  "UNRATE_MoM": null,
  "AHETPI_YoY": null,
  "CIVPART_MoM": -0.10000000000000142,
  "ICSA_WoW": null,
  "CCSA_WoW": -23000.0,
  "INDPRO_MoM": -0.5541999999999945,
  "RSXFS_MoM": null,
  "HOUST_MoM": 146.0,
  "UMCSENT_MoM": -3.3000000000000043,
  "TCU_MoM": -0.48109999999999786,
  "WALCL_WoW": -7469.0,
  "RRP_WoW": null,
  "TGA_WoW": -24039.0,
  "SP500_1d": 58.470000000000255,
  "VIX_1d": -0.9100000000000001,
  "DXY_1d": -0.27840000000000487
}