{
  "DGS2_1d": -0.019999999999999574,
  "DGS10_1d": -0.020000000000000462,
  "DGS30_1d": 0.009999999999999787,
  "spread_2s10s": 0.3099999999999996,
  "spread_10s30s": 0.4900000000000002,
  "real_10y_1d": -0.009999999999999787,
  "term_premium_10y_1d": -0.014699999999999935,
  "CPI_YoY": 4.166614684049641,
  "CoreCPI_YoY": 2.8229420636110225,
  "PCE_YoY": 4.072638075644863,
  "CorePCE_YoY": 3.412035932904045,
  "PAYEMS_MoM": 172.0,
  "UNRATE_MoM": 0.0,
  "AHETPI_YoY": 3.5576923076923173,
  "CIVPART_MoM": 0.0,
  "ICSA_WoW": -12000.0,
  "CCSA_WoW": 21000.0,
  "INDPRO_MoM": 0.1384999999999934,
  "RSXFS_MoM": 6819.0,
  "HOUST_MoM": -215.0,
  "UMCSENT_MoM": -5.0,
  "TCU_MoM": 0.03740000000000521,
  "WALCL_WoW": -779.0,
  "RRP_WoW": -0.379,
  "TGA_WoW": 37983.0,
  "SP500_1d": 86.40999999999985,
  "VIX_1d": -0.4800000000000004,
  "DXY_1d": -0.16929999999999268
}