{
  "DGS2_1d": 0.04999999999999982,
  "DGS10_1d": 0.03000000000000025,
  "DGS30_1d": 0.03000000000000025,
  "spread_2s10s": 0.7200000000000002,
  "spread_10s30s": 0.6100000000000003,
  "real_10y_1d": 0.040000000000000036,
  "term_premium_10y_1d": -0.0010000000000000009,
  "CPI_YoY": 2.653312468710922,
  "CoreCPI_YoY": 2.648965653766222,
  "PCE_YoY": 2.772852363262901,
  "CorePCE_YoY": 2.7911779416272653,
  "PAYEMS_MoM": 50.0,
  "UNRATE_MoM": -0.09999999999999964,
  "AHETPI_YoY": 3.55396152592109,
  "CIVPART_MoM": -0.10000000000000142,
  "ICSA_WoW": -1000.0,
  "CCSA_WoW": -38000.0,
  "INDPRO_MoM": 0.3722000000000065,
  "RSXFS_MoM": 3915.0,
  "HOUST_MoM": -60.0,
  "UMCSENT_MoM": 1.8999999999999986,
  "TCU_MoM": 0.18599999999999284,
  "WALCL_WoW": 2988.0,
  "RRP_WoW": 1.3110000000000002,
  "TGA_WoW": 53781.0,
  "SP500_1d": -58.6299999999992,
  "VIX_1d": 1.6600000000000001,
  "DXY_1d": 0.46000000000000796
}