{
  "DGS2_1d": -0.009999999999999787,
  "DGS10_1d": null,
  "DGS30_1d": null,
  "spread_2s10s": 0.45999999999999996,
  "spread_10s30s": null,
  "real_10y_1d": null,
  "term_premium_10y_1d": null,
  "CPI_YoY": 3.7792458367415627,
  "CoreCPI_YoY": 2.7433094309685213,
  "PCE_YoY": null,
  "CorePCE_YoY": null,
  "PAYEMS_MoM": null,
  "UNRATE_MoM": 0.0,
  "AHETPI_YoY": 3.666773882277252,
  "CIVPART_MoM": null,
  "ICSA_WoW": null,
  "CCSA_WoW": null,
  "INDPRO_MoM": 0.6903000000000077,
  "RSXFS_MoM": 3075.0,
  "HOUST_MoM": null,
  "UMCSENT_MoM": null,
  "TCU_MoM": 0.44780000000000086,
  "WALCL_WoW": -9260.0,
  "RRP_WoW": null,
  "TGA_WoW": null,
  "SP500_1d": null,
  "VIX_1d": -0.5499999999999989,
  "DXY_1d": -0.08220000000000027
}