{
  "DGS2_1d": -0.040000000000000036,
  "DGS10_1d": -0.04999999999999938,
  "DGS30_1d": -0.03000000000000025,
  "spread_2s10s": 0.5900000000000003,
  "spread_10s30s": 0.6699999999999995,
  "real_10y_1d": -0.020000000000000018,
  "term_premium_10y_1d": -0.023899999999999977,
  "CPI_YoY": 2.391201432150014,
  "CoreCPI_YoY": 2.512028782828879,
  "PCE_YoY": 2.901287416285925,
  "CorePCE_YoY": 2.9968759058262906,
  "PAYEMS_MoM": 130.0,
  "UNRATE_MoM": -0.10000000000000053,
  "AHETPI_YoY": 3.7674569665475888,
  "CIVPART_MoM": 0.10000000000000142,
  "ICSA_WoW": 4000.0,
  "CCSA_WoW": -31000.0,
  "INDPRO_MoM": 0.7116000000000042,
  "RSXFS_MoM": 27.0,
  "HOUST_MoM": 82.0,
  "UMCSENT_MoM": 3.5,
  "TCU_MoM": 0.468599999999995,
  "WALCL_WoW": 402.0,
  "RRP_WoW": 0.28600000000000003,
  "TGA_WoW": -25115.0,
  "SP500_1d": 2.7399999999997817,
  "VIX_1d": 1.5800000000000018,
  "DXY_1d": -0.08190000000000452
}