{
  "DGS2_1d": 0.04999999999999982,
  "DGS10_1d": 0.04999999999999982,
  "DGS30_1d": null,
  "spread_2s10s": 0.4900000000000002,
  "spread_10s30s": null,
  "real_10y_1d": null,
  "term_premium_10y_1d": null,
  "CPI_YoY": 3.2859577528651984,
  "CoreCPI_YoY": null,
  "PCE_YoY": 3.496081498479442,
  "CorePCE_YoY": null,
  "PAYEMS_MoM": 115.0,
  "UNRATE_MoM": null,
  "AHETPI_YoY": 3.666773882277252,
  "CIVPART_MoM": -0.10000000000000142,
  "ICSA_WoW": 10000.0,
  "CCSA_WoW": -10000.0,
  "INDPRO_MoM": -0.5541999999999945,
  "RSXFS_MoM": 12152.0,
  "HOUST_MoM": 146.0,
  "UMCSENT_MoM": -3.3000000000000043,
  "TCU_MoM": -0.48109999999999786,
  "WALCL_WoW": 9555.0,
  "RRP_WoW": 0.18000000000000005,
  "TGA_WoW": null,
  "SP500_1d": 61.82000000000062,
  "VIX_1d": -0.3100000000000023,
  "DXY_1d": -0.27840000000000487
}