{
  "DGS2_1d": 0.029999999999999805,
  "DGS10_1d": 0.07000000000000028,
  "DGS30_1d": 0.040000000000000036,
  "spread_2s10s": 0.6500000000000004,
  "spread_10s30s": 0.5899999999999999,
  "real_10y_1d": 0.030000000000000027,
  "term_premium_10y_1d": 0.023799999999999932,
  "CPI_YoY": 2.653312468710922,
  "CoreCPI_YoY": 2.648965653766222,
  "PCE_YoY": 2.788247801295074,
  "CorePCE_YoY": 2.8258791894124835,
  "PAYEMS_MoM": 50.0,
  "UNRATE_MoM": -0.09999999999999964,
  "AHETPI_YoY": 3.55396152592109,
  "CIVPART_MoM": -0.10000000000000142,
  "ICSA_WoW": -9000.0,
  "CCSA_WoW": -19000.0,
  "INDPRO_MoM": 0.3722000000000065,
  "RSXFS_MoM": 3915.0,
  "HOUST_MoM": -60.0,
  "UMCSENT_MoM": -2.6000000000000014,
  "TCU_MoM": 0.18599999999999284,
  "WALCL_WoW": 8098.0,
  "RRP_WoW": 0.121,
  "TGA_WoW": -16973.0,
  "SP500_1d": -143.15000000000055,
  "VIX_1d": 1.25,
  "DXY_1d": 0.12519999999999243
}