{
  "DGS2_1d": -0.019999999999999574,
  "DGS10_1d": 0.020000000000000462,
  "DGS30_1d": 0.019999999999999574,
  "spread_2s10s": 0.54,
  "spread_10s30s": 0.5299999999999994,
  "real_10y_1d": 0.029999999999999805,
  "term_premium_10y_1d": 0.05699999999999994,
  "CPI_YoY": 3.7792458367415627,
  "CoreCPI_YoY": 2.7433094309685213,
  "PCE_YoY": 3.496081498479442,
  "CorePCE_YoY": 3.202758906974701,
  "PAYEMS_MoM": 115.0,
  "UNRATE_MoM": 0.0,
  "AHETPI_YoY": 3.666773882277252,
  "CIVPART_MoM": -0.10000000000000142,
  "ICSA_WoW": 12000.0,
  "CCSA_WoW": 24000.0,
  "INDPRO_MoM": 0.6903000000000077,
  "RSXFS_MoM": 3075.0,
  "HOUST_MoM": 146.0,
  "UMCSENT_MoM": -3.3000000000000043,
  "TCU_MoM": 0.44780000000000086,
  "WALCL_WoW": 18997.0,
  "RRP_WoW": 11.712,
  "TGA_WoW": -39177.0,
  "SP500_1d": -49.44000000000051,
  "VIX_1d": 0.23999999999999844,
  "DXY_1d": 0.6128999999999962
}