{
  "DGS2_1d": 0.04999999999999982,
  "DGS10_1d": 0.040000000000000036,
  "DGS30_1d": 0.04999999999999982,
  "spread_2s10s": 0.45999999999999996,
  "spread_10s30s": 0.5700000000000003,
  "real_10y_1d": 0.040000000000000036,
  "term_premium_10y_1d": -0.008700000000000041,
  "CPI_YoY": 3.7792458367415627,
  "CoreCPI_YoY": null,
  "PCE_YoY": 3.496081498479442,
  "CorePCE_YoY": null,
  "PAYEMS_MoM": null,
  "UNRATE_MoM": null,
  "AHETPI_YoY": null,
  "CIVPART_MoM": null,
  "ICSA_WoW": null,
  "CCSA_WoW": null,
  "INDPRO_MoM": null,
  "RSXFS_MoM": null,
  "HOUST_MoM": null,
  "UMCSENT_MoM": null,
  "TCU_MoM": null,
  "WALCL_WoW": null,
  "RRP_WoW": 2.086,
  "TGA_WoW": null,
  "SP500_1d": null,
  "VIX_1d": null,
  "DXY_1d": null
}