{
  "DGS2_1d": 0.07000000000000028,
  "DGS10_1d": null,
  "DGS30_1d": null,
  "spread_2s10s": null,
  "spread_10s30s": null,
  "real_10y_1d": 0.040000000000000036,
  "term_premium_10y_1d": null,
  "CPI_YoY": null,
  "CoreCPI_YoY": 2.602167705486824,
  "PCE_YoY": 3.496081498479442,
  "CorePCE_YoY": 3.202758906974701,
  "PAYEMS_MoM": null,
  "UNRATE_MoM": -0.10000000000000053,
  "AHETPI_YoY": null,
  "CIVPART_MoM": -0.10000000000000142,
  "ICSA_WoW": -26000.0,
  "CCSA_WoW": -23000.0,
  "INDPRO_MoM": -0.5541999999999945,
  "RSXFS_MoM": 12152.0,
  "HOUST_MoM": 146.0,
  "UMCSENT_MoM": -3.3000000000000043,
  "TCU_MoM": -0.48109999999999786,
  "WALCL_WoW": -7469.0,
  "RRP_WoW": 0.886,
  "TGA_WoW": -24039.0,
  "SP500_1d": 58.470000000000255,
  "VIX_1d": -0.9100000000000001,
  "DXY_1d": null
}