{
  "DGS2_1d": -0.020000000000000018,
  "DGS10_1d": -0.040000000000000036,
  "DGS30_1d": -0.010000000000000675,
  "spread_2s10s": 0.5,
  "spread_10s30s": 0.5999999999999996,
  "real_10y_1d": 0.0,
  "term_premium_10y_1d": 0.01650000000000007,
  "CPI_YoY": 2.4340041103732224,
  "CoreCPI_YoY": 2.4724624767640258,
  "PCE_YoY": 2.801756656951593,
  "CorePCE_YoY": null,
  "PAYEMS_MoM": 178.0,
  "UNRATE_MoM": -0.10000000000000053,
  "AHETPI_YoY": 3.3849129593810368,
  "CIVPART_MoM": -0.10000000000000142,
  "ICSA_WoW": 16000.0,
  "CCSA_WoW": null,
  "INDPRO_MoM": 0.1547000000000054,
  "RSXFS_MoM": 3991.0,
  "HOUST_MoM": 100.0,
  "UMCSENT_MoM": 0.20000000000000284,
  "TCU_MoM": 0.041700000000005844,
  "WALCL_WoW": null,
  "RRP_WoW": null,
  "TGA_WoW": -99342.0,
  "SP500_1d": 165.96000000000004,
  "VIX_1d": -4.740000000000002,
  "DXY_1d": 0.15349999999999397
}