{
  "DGS2_1d": -0.009999999999999787,
  "DGS10_1d": -0.019999999999999574,
  "DGS30_1d": -0.020000000000000462,
  "spread_2s10s": 0.4800000000000004,
  "spread_10s30s": 0.5299999999999994,
  "real_10y_1d": -0.010000000000000231,
  "term_premium_10y_1d": 0.0011999999999999789,
  "CPI_YoY": 3.7792458367415627,
  "CoreCPI_YoY": 2.7433094309685213,
  "PCE_YoY": 3.7669441141498172,
  "CorePCE_YoY": 3.289190610508208,
  "PAYEMS_MoM": 115.0,
  "UNRATE_MoM": 0.0,
  "AHETPI_YoY": 3.666773882277252,
  "CIVPART_MoM": -0.10000000000000142,
  "ICSA_WoW": 5000.0,
  "CCSA_WoW": 15000.0,
  "INDPRO_MoM": 0.6903000000000077,
  "RSXFS_MoM": 3075.0,
  "HOUST_MoM": -42.0,
  "UMCSENT_MoM": -3.5,
  "TCU_MoM": 0.44780000000000086,
  "WALCL_WoW": -9260.0,
  "RRP_WoW": 10.712,
  "TGA_WoW": 49003.0,
  "SP500_1d": 43.27000000000044,
  "VIX_1d": -0.5499999999999989,
  "DXY_1d": -0.08220000000000027
}