{
  "DGS2_1d": 0.050000000000000266,
  "DGS10_1d": 0.019999999999999574,
  "DGS30_1d": 0.0,
  "spread_2s10s": 0.6099999999999999,
  "spread_10s30s": 0.6200000000000001,
  "real_10y_1d": 0.019999999999999796,
  "term_premium_10y_1d": 0.0034999999999999476,
  "CPI_YoY": 2.653312468710922,
  "CoreCPI_YoY": 2.648965653766222,
  "PCE_YoY": 2.788247801295074,
  "CorePCE_YoY": 2.8258791894124835,
  "PAYEMS_MoM": 50.0,
  "UNRATE_MoM": -0.09999999999999964,
  "AHETPI_YoY": 3.55396152592109,
  "CIVPART_MoM": -0.10000000000000142,
  "ICSA_WoW": -9000.0,
  "CCSA_WoW": -19000.0,
  "INDPRO_MoM": 0.3722000000000065,
  "RSXFS_MoM": 3915.0,
  "HOUST_MoM": -60.0,
  "UMCSENT_MoM": -2.6000000000000014,
  "TCU_MoM": 0.18599999999999284,
  "WALCL_WoW": 8098.0,
  "RRP_WoW": -2.058,
  "TGA_WoW": -16973.0,
  "SP500_1d": 17.86999999999989,
  "VIX_1d": -0.9100000000000001,
  "DXY_1d": 0.12519999999999243
}