{
  "DGS2_1d": null,
  "DGS10_1d": null,
  "DGS30_1d": null,
  "spread_2s10s": 0.4700000000000002,
  "spread_10s30s": null,
  "real_10y_1d": null,
  "term_premium_10y_1d": null,
  "CPI_YoY": null,
  "CoreCPI_YoY": 2.7433094309685213,
  "PCE_YoY": 3.7669441141498172,
  "CorePCE_YoY": null,
  "PAYEMS_MoM": null,
  "UNRATE_MoM": null,
  "AHETPI_YoY": 3.666773882277252,
  "CIVPART_MoM": -0.10000000000000142,
  "ICSA_WoW": null,
  "CCSA_WoW": null,
  "INDPRO_MoM": null,
  "RSXFS_MoM": null,
  "HOUST_MoM": -42.0,
  "UMCSENT_MoM": -3.5,
  "TCU_MoM": null,
  "WALCL_WoW": null,
  "RRP_WoW": null,
  "TGA_WoW": null,
  "SP500_1d": 19.899999999999636,
  "VIX_1d": 0.7300000000000004,
  "DXY_1d": null
}