{
  "DGS2_1d": -0.06000000000000005,
  "DGS10_1d": -0.0699999999999994,
  "DGS30_1d": -0.040000000000000036,
  "spread_2s10s": null,
  "spread_10s30s": null,
  "real_10y_1d": -0.020000000000000018,
  "term_premium_10y_1d": -0.00019999999999997797,
  "CPI_YoY": 3.2859577528651984,
  "CoreCPI_YoY": 2.602167705486824,
  "PCE_YoY": 3.496081498479442,
  "CorePCE_YoY": 3.202758906974701,
  "PAYEMS_MoM": 178.0,
  "UNRATE_MoM": -0.10000000000000053,
  "AHETPI_YoY": 3.3849129593810368,
  "CIVPART_MoM": null,
  "ICSA_WoW": null,
  "CCSA_WoW": -10000.0,
  "INDPRO_MoM": null,
  "RSXFS_MoM": null,
  "HOUST_MoM": null,
  "UMCSENT_MoM": -3.3000000000000043,
  "TCU_MoM": null,
  "WALCL_WoW": 9555.0,
  "RRP_WoW": -7.4879999999999995,
  "TGA_WoW": -104168.0,
  "SP500_1d": 105.89999999999964,
  "VIX_1d": 0.010000000000001563,
  "DXY_1d": -0.27840000000000487
}