{
  "DGS2_1d": 0.0,
  "DGS10_1d": -0.009999999999999787,
  "DGS30_1d": -0.009999999999999787,
  "spread_2s10s": 0.6099999999999999,
  "spread_10s30s": 0.6200000000000001,
  "real_10y_1d": -0.010000000000000009,
  "term_premium_10y_1d": -0.03200000000000003,
  "CPI_YoY": 2.391201432150014,
  "CoreCPI_YoY": 2.512028782828879,
  "PCE_YoY": 2.901287416285925,
  "CorePCE_YoY": 2.9968759058262906,
  "PAYEMS_MoM": 130.0,
  "UNRATE_MoM": -0.10000000000000053,
  "AHETPI_YoY": 3.7674569665475888,
  "CIVPART_MoM": 0.10000000000000142,
  "ICSA_WoW": -23000.0,
  "CCSA_WoW": null,
  "INDPRO_MoM": null,
  "RSXFS_MoM": null,
  "HOUST_MoM": null,
  "UMCSENT_MoM": null,
  "TCU_MoM": null,
  "WALCL_WoW": null,
  "RRP_WoW": null,
  "TGA_WoW": null,
  "SP500_1d": null,
  "VIX_1d": null,
  "DXY_1d": null
}