{
  "DGS2_1d": -0.08000000000000007,
  "DGS10_1d": 0.020000000000000462,
  "DGS30_1d": 0.05000000000000071,
  "spread_2s10s": 0.5600000000000005,
  "spread_10s30s": 0.54,
  "real_10y_1d": 0.04999999999999982,
  "term_premium_10y_1d": 0.05700000000000005,
  "CPI_YoY": 2.4340041103732224,
  "CoreCPI_YoY": 2.4724624767640258,
  "PCE_YoY": 2.8321519411244056,
  "CorePCE_YoY": 3.0556960196489236,
  "PAYEMS_MoM": -92.0,
  "UNRATE_MoM": 0.10000000000000053,
  "AHETPI_YoY": 3.6905147296859786,
  "CIVPART_MoM": -0.10000000000000142,
  "ICSA_WoW": 5000.0,
  "CCSA_WoW": -32000.0,
  "INDPRO_MoM": 0.1547000000000054,
  "RSXFS_MoM": -964.0,
  "HOUST_MoM": 100.0,
  "UMCSENT_MoM": 0.20000000000000284,
  "TCU_MoM": 0.041700000000005844,
  "WALCL_WoW": 1222.0,
  "RRP_WoW": -0.10499999999999998,
  "TGA_WoW": 21025.0,
  "SP500_1d": -108.30999999999949,
  "VIX_1d": 3.6099999999999994,
  "DXY_1d": 0.49609999999999843
}