{
  "DGS2_1d": -0.03000000000000025,
  "DGS10_1d": -0.03000000000000025,
  "DGS30_1d": -0.03000000000000025,
  "spread_2s10s": 0.5999999999999996,
  "spread_10s30s": 0.6500000000000004,
  "real_10y_1d": -0.030000000000000027,
  "term_premium_10y_1d": 0.0010999999999999899,
  "CPI_YoY": 2.391201432150014,
  "CoreCPI_YoY": 2.512028782828879,
  "PCE_YoY": 2.901287416285925,
  "CorePCE_YoY": 2.9968759058262906,
  "PAYEMS_MoM": 130.0,
  "UNRATE_MoM": -0.10000000000000053,
  "AHETPI_YoY": 3.7674569665475888,
  "CIVPART_MoM": 0.10000000000000142,
  "ICSA_WoW": 4000.0,
  "CCSA_WoW": -31000.0,
  "INDPRO_MoM": 0.7116000000000042,
  "RSXFS_MoM": 27.0,
  "HOUST_MoM": 82.0,
  "UMCSENT_MoM": 3.5,
  "TCU_MoM": 0.468599999999995,
  "WALCL_WoW": 402.0,
  "RRP_WoW": 15.822000000000001,
  "TGA_WoW": -25115.0,
  "SP500_1d": -37.27000000000044,
  "VIX_1d": 0.6999999999999993,
  "DXY_1d": -0.24370000000000402
}