{
  "DGS2_1d": null,
  "DGS10_1d": -0.03000000000000025,
  "DGS30_1d": -0.02999999999999936,
  "spread_2s10s": null,
  "spread_10s30s": null,
  "real_10y_1d": null,
  "term_premium_10y_1d": 0.0011999999999999789,
  "CPI_YoY": 3.7792458367415627,
  "CoreCPI_YoY": null,
  "PCE_YoY": null,
  "CorePCE_YoY": null,
  "PAYEMS_MoM": 115.0,
  "UNRATE_MoM": 0.0,
  "AHETPI_YoY": null,
  "CIVPART_MoM": null,
  "ICSA_WoW": null,
  "CCSA_WoW": 15000.0,
  "INDPRO_MoM": 0.6903000000000077,
  "RSXFS_MoM": null,
  "HOUST_MoM": null,
  "UMCSENT_MoM": null,
  "TCU_MoM": null,
  "WALCL_WoW": -9260.0,
  "RRP_WoW": 10.712,
  "TGA_WoW": null,
  "SP500_1d": null,
  "VIX_1d": null,
  "DXY_1d": -0.08220000000000027
}