{
  "DGS2_1d": 0.020000000000000018,
  "DGS10_1d": 0.040000000000000036,
  "DGS30_1d": 0.02999999999999936,
  "spread_2s10s": 0.7000000000000002,
  "spread_10s30s": 0.6599999999999993,
  "real_10y_1d": 0.040000000000000036,
  "term_premium_10y_1d": 0.013400000000000079,
  "CPI_YoY": 2.711969385272184,
  "CoreCPI_YoY": 2.6188786153326316,
  "PCE_YoY": 2.788247801295074,
  "CorePCE_YoY": 2.8258791894124835,
  "PAYEMS_MoM": 50.0,
  "UNRATE_MoM": -0.09999999999999964,
  "AHETPI_YoY": 3.55396152592109,
  "CIVPART_MoM": -0.10000000000000142,
  "ICSA_WoW": 8000.0,
  "CCSA_WoW": 56000.0,
  "INDPRO_MoM": 0.17749999999999488,
  "RSXFS_MoM": 568.0,
  "HOUST_MoM": -60.0,
  "UMCSENT_MoM": -2.6000000000000014,
  "TCU_MoM": 0.04099999999999682,
  "WALCL_WoW": -67016.0,
  "RRP_WoW": -2.387,
  "TGA_WoW": -41158.0,
  "SP500_1d": 44.81999999999971,
  "VIX_1d": 0.06999999999999851,
  "DXY_1d": -0.1290000000000049
}