{
  "DGS2_1d": null,
  "DGS10_1d": 0.019999999999999574,
  "DGS30_1d": 0.0,
  "spread_2s10s": null,
  "spread_10s30s": null,
  "real_10y_1d": 0.0,
  "term_premium_10y_1d": null,
  "CPI_YoY": 3.7792458367415627,
  "CoreCPI_YoY": 2.7433094309685213,
  "PCE_YoY": null,
  "CorePCE_YoY": 3.289190610508208,
  "PAYEMS_MoM": 115.0,
  "UNRATE_MoM": null,
  "AHETPI_YoY": null,
  "CIVPART_MoM": -0.10000000000000142,
  "ICSA_WoW": 5000.0,
  "CCSA_WoW": null,
  "INDPRO_MoM": null,
  "RSXFS_MoM": null,
  "HOUST_MoM": -42.0,
  "UMCSENT_MoM": -3.5,
  "TCU_MoM": null,
  "WALCL_WoW": -9260.0,
  "RRP_WoW": 0.7149999999999999,
  "TGA_WoW": null,
  "SP500_1d": 19.899999999999636,
  "VIX_1d": 0.7300000000000004,
  "DXY_1d": null
}