{
  "DGS2_1d": 0.03000000000000025,
  "DGS10_1d": 0.03000000000000025,
  "DGS30_1d": 0.019999999999999574,
  "spread_2s10s": 0.5499999999999998,
  "spread_10s30s": 0.6299999999999999,
  "real_10y_1d": 0.030000000000000027,
  "term_premium_10y_1d": -0.023899999999999977,
  "CPI_YoY": 2.391201432150014,
  "CoreCPI_YoY": 2.512028782828879,
  "PCE_YoY": 2.901287416285925,
  "CorePCE_YoY": 2.9968759058262906,
  "PAYEMS_MoM": 130.0,
  "UNRATE_MoM": -0.10000000000000053,
  "AHETPI_YoY": 3.7674569665475888,
  "CIVPART_MoM": 0.10000000000000142,
  "ICSA_WoW": 0.0,
  "CCSA_WoW": 46000.0,
  "INDPRO_MoM": 0.7116000000000042,
  "RSXFS_MoM": 27.0,
  "HOUST_MoM": 82.0,
  "UMCSENT_MoM": 3.5,
  "TCU_MoM": 0.468599999999995,
  "WALCL_WoW": 15097.0,
  "RRP_WoW": -1.0029999999999997,
  "TGA_WoW": -55559.0,
  "SP500_1d": 52.86999999999989,
  "VIX_1d": -2.4200000000000017,
  "DXY_1d": -0.08190000000000452
}