{
  "DGS2_1d": -0.020000000000000018,
  "DGS10_1d": -0.020000000000000462,
  "DGS30_1d": -0.03000000000000025,
  "spread_2s10s": 0.5199999999999996,
  "spread_10s30s": 0.5700000000000003,
  "real_10y_1d": -0.050000000000000044,
  "term_premium_10y_1d": 0.0045000000000000595,
  "CPI_YoY": 2.4340041103732224,
  "CoreCPI_YoY": 2.4724624767640258,
  "PCE_YoY": null,
  "CorePCE_YoY": null,
  "PAYEMS_MoM": null,
  "UNRATE_MoM": -0.10000000000000053,
  "AHETPI_YoY": null,
  "CIVPART_MoM": null,
  "ICSA_WoW": null,
  "CCSA_WoW": null,
  "INDPRO_MoM": null,
  "RSXFS_MoM": null,
  "HOUST_MoM": null,
  "UMCSENT_MoM": 0.20000000000000284,
  "TCU_MoM": null,
  "WALCL_WoW": 18183.0,
  "RRP_WoW": -0.558,
  "TGA_WoW": -26359.0,
  "SP500_1d": null,
  "VIX_1d": null,
  "DXY_1d": 0.49609999999999843
}