{
  "DGS2_1d": 0.009999999999999787,
  "DGS10_1d": 0.0,
  "DGS30_1d": 0.019999999999999574,
  "spread_2s10s": 0.6000000000000001,
  "spread_10s30s": 0.6399999999999997,
  "real_10y_1d": 0.010000000000000009,
  "term_premium_10y_1d": -0.03200000000000003,
  "CPI_YoY": 2.391201432150014,
  "CoreCPI_YoY": 2.512028782828879,
  "PCE_YoY": 2.901287416285925,
  "CorePCE_YoY": 2.9968759058262906,
  "PAYEMS_MoM": 130.0,
  "UNRATE_MoM": -0.10000000000000053,
  "AHETPI_YoY": 3.7674569665475888,
  "CIVPART_MoM": 0.10000000000000142,
  "ICSA_WoW": -23000.0,
  "CCSA_WoW": 17000.0,
  "INDPRO_MoM": 0.7116000000000042,
  "RSXFS_MoM": 27.0,
  "HOUST_MoM": 82.0,
  "UMCSENT_MoM": 3.5,
  "TCU_MoM": 0.468599999999995,
  "WALCL_WoW": -8987.0,
  "RRP_WoW": 0.47600000000000003,
  "TGA_WoW": -2579.0,
  "SP500_1d": -71.76000000000022,
  "VIX_1d": 1.9200000000000017,
  "DXY_1d": -0.24370000000000402
}