{
  "DGS2_1d": 0.06999999999999984,
  "DGS10_1d": 0.019999999999999574,
  "DGS30_1d": null,
  "spread_2s10s": null,
  "spread_10s30s": null,
  "real_10y_1d": 0.0,
  "term_premium_10y_1d": null,
  "CPI_YoY": null,
  "CoreCPI_YoY": null,
  "PCE_YoY": 3.7669441141498172,
  "CorePCE_YoY": 3.289190610508208,
  "PAYEMS_MoM": null,
  "UNRATE_MoM": null,
  "AHETPI_YoY": 3.666773882277252,
  "CIVPART_MoM": -0.10000000000000142,
  "ICSA_WoW": null,
  "CCSA_WoW": null,
  "INDPRO_MoM": 0.6903000000000077,
  "RSXFS_MoM": 3075.0,
  "HOUST_MoM": null,
  "UMCSENT_MoM": null,
  "TCU_MoM": null,
  "WALCL_WoW": -9260.0,
  "RRP_WoW": 0.7149999999999999,
  "TGA_WoW": null,
  "SP500_1d": null,
  "VIX_1d": null,
  "DXY_1d": -0.15350000000000819
}