{
  "DGS2_1d": -0.06000000000000005,
  "DGS10_1d": -0.09000000000000075,
  "DGS30_1d": -0.07000000000000028,
  "spread_2s10s": 0.5299999999999998,
  "spread_10s30s": 0.5600000000000005,
  "real_10y_1d": -0.08999999999999986,
  "term_premium_10y_1d": 0.0045000000000000595,
  "CPI_YoY": 2.4340041103732224,
  "CoreCPI_YoY": 2.4724624767640258,
  "PCE_YoY": 2.8321519411244056,
  "CorePCE_YoY": 3.0556960196489236,
  "PAYEMS_MoM": -92.0,
  "UNRATE_MoM": 0.10000000000000053,
  "AHETPI_YoY": 3.6905147296859786,
  "CIVPART_MoM": -0.10000000000000142,
  "ICSA_WoW": 5000.0,
  "CCSA_WoW": -32000.0,
  "INDPRO_MoM": 0.1547000000000054,
  "RSXFS_MoM": 3991.0,
  "HOUST_MoM": 100.0,
  "UMCSENT_MoM": 0.20000000000000284,
  "TCU_MoM": 0.041700000000005844,
  "WALCL_WoW": 1222.0,
  "RRP_WoW": 14.659,
  "TGA_WoW": 21025.0,
  "SP500_1d": 184.80000000000018,
  "VIX_1d": -5.359999999999999,
  "DXY_1d": 0.49609999999999843
}