{
  "DGS2_1d": -0.04999999999999982,
  "DGS10_1d": -0.08999999999999986,
  "DGS30_1d": -0.10000000000000053,
  "spread_2s10s": 0.6199999999999997,
  "spread_10s30s": 0.6299999999999999,
  "real_10y_1d": -0.06000000000000005,
  "term_premium_10y_1d": -0.0031999999999999806,
  "CPI_YoY": 2.391201432150014,
  "CoreCPI_YoY": 2.512028782828879,
  "PCE_YoY": 2.772852363262901,
  "CorePCE_YoY": 2.7911779416272653,
  "PAYEMS_MoM": 130.0,
  "UNRATE_MoM": -0.10000000000000053,
  "AHETPI_YoY": 3.7674569665475888,
  "CIVPART_MoM": 0.10000000000000142,
  "ICSA_WoW": -5000.0,
  "CCSA_WoW": 21000.0,
  "INDPRO_MoM": 0.3722000000000065,
  "RSXFS_MoM": 27.0,
  "HOUST_MoM": -60.0,
  "UMCSENT_MoM": 1.8999999999999986,
  "TCU_MoM": 0.18599999999999284,
  "WALCL_WoW": 16473.0,
  "RRP_WoW": -2.734,
  "TGA_WoW": 6533.0,
  "SP500_1d": -108.71000000000004,
  "VIX_1d": 3.1700000000000017,
  "DXY_1d": -0.26269999999999527
}