{
  "DGS2_1d": -0.08999999999999986,
  "DGS10_1d": -0.09999999999999964,
  "DGS30_1d": -0.0699999999999994,
  "spread_2s10s": 0.5300000000000002,
  "spread_10s30s": 0.54,
  "real_10y_1d": -0.050000000000000266,
  "term_premium_10y_1d": 0.05699999999999994,
  "CPI_YoY": 3.7792458367415627,
  "CoreCPI_YoY": 2.7433094309685213,
  "PCE_YoY": 3.496081498479442,
  "CorePCE_YoY": 3.202758906974701,
  "PAYEMS_MoM": 115.0,
  "UNRATE_MoM": 0.0,
  "AHETPI_YoY": 3.666773882277252,
  "CIVPART_MoM": -0.10000000000000142,
  "ICSA_WoW": -3000.0,
  "CCSA_WoW": 6000.0,
  "INDPRO_MoM": 0.6903000000000077,
  "RSXFS_MoM": 3075.0,
  "HOUST_MoM": -42.0,
  "UMCSENT_MoM": -3.3000000000000043,
  "TCU_MoM": 0.44780000000000086,
  "WALCL_WoW": -14859.0,
  "RRP_WoW": 1.2470000000000003,
  "TGA_WoW": -57291.0,
  "SP500_1d": 79.36000000000058,
  "VIX_1d": -0.6199999999999974,
  "DXY_1d": 0.6128999999999962
}