{
  "DGS2_1d": 0.06999999999999984,
  "DGS10_1d": 0.019999999999999574,
  "DGS30_1d": null,
  "spread_2s10s": null,
  "spread_10s30s": null,
  "real_10y_1d": 0.0,
  "term_premium_10y_1d": null,
  "CPI_YoY": null,
  "CoreCPI_YoY": 2.7433094309685213,
  "PCE_YoY": 3.7669441141498172,
  "CorePCE_YoY": null,
  "PAYEMS_MoM": null,
  "UNRATE_MoM": 0.0,
  "AHETPI_YoY": 3.666773882277252,
  "CIVPART_MoM": null,
  "ICSA_WoW": 5000.0,
  "CCSA_WoW": 15000.0,
  "INDPRO_MoM": null,
  "RSXFS_MoM": null,
  "HOUST_MoM": -42.0,
  "UMCSENT_MoM": -3.5,
  "TCU_MoM": null,
  "WALCL_WoW": null,
  "RRP_WoW": null,
  "TGA_WoW": 49003.0,
  "SP500_1d": 9.819999999999709,
  "VIX_1d": null,
  "DXY_1d": null
}