{
  "DGS2_1d": 0.0,
  "DGS10_1d": 0.040000000000000036,
  "DGS30_1d": 0.03000000000000025,
  "spread_2s10s": 0.5699999999999998,
  "spread_10s30s": 0.5900000000000007,
  "real_10y_1d": 0.020000000000000018,
  "term_premium_10y_1d": -0.011300000000000088,
  "CPI_YoY": 3.2859577528651984,
  "CoreCPI_YoY": 2.602167705486824,
  "PCE_YoY": 2.801756656951593,
  "CorePCE_YoY": 2.9677574014143726,
  "PAYEMS_MoM": 178.0,
  "UNRATE_MoM": -0.10000000000000053,
  "AHETPI_YoY": 3.3849129593810368,
  "CIVPART_MoM": -0.10000000000000142,
  "ICSA_WoW": 6000.0,
  "CCSA_WoW": 12000.0,
  "INDPRO_MoM": -0.5541999999999945,
  "RSXFS_MoM": 12152.0,
  "HOUST_MoM": 100.0,
  "UMCSENT_MoM": -3.3000000000000043,
  "TCU_MoM": -0.48109999999999786,
  "WALCL_WoW": 1723.0,
  "RRP_WoW": -0.16400000000000003,
  "TGA_WoW": 254614.0,
  "SP500_1d": 8.829999999999927,
  "VIX_1d": -0.6900000000000013,
  "DXY_1d": 0.013899999999992474
}