{
  "DGS2_1d": 0.04999999999999982,
  "DGS10_1d": -0.010000000000000675,
  "DGS30_1d": -0.02999999999999936,
  "spread_2s10s": 0.4299999999999997,
  "spread_10s30s": 0.5100000000000007,
  "real_10y_1d": -0.020000000000000018,
  "term_premium_10y_1d": 0.0011999999999999789,
  "CPI_YoY": 3.7792458367415627,
  "CoreCPI_YoY": 2.7433094309685213,
  "PCE_YoY": 3.496081498479442,
  "CorePCE_YoY": 3.202758906974701,
  "PAYEMS_MoM": 115.0,
  "UNRATE_MoM": 0.0,
  "AHETPI_YoY": 3.666773882277252,
  "CIVPART_MoM": -0.10000000000000142,
  "ICSA_WoW": -3000.0,
  "CCSA_WoW": 6000.0,
  "INDPRO_MoM": 0.6903000000000077,
  "RSXFS_MoM": 3075.0,
  "HOUST_MoM": -42.0,
  "UMCSENT_MoM": -3.5,
  "TCU_MoM": 0.44780000000000086,
  "WALCL_WoW": -14859.0,
  "RRP_WoW": -11.123999999999999,
  "TGA_WoW": -57291.0,
  "SP500_1d": 27.75,
  "VIX_1d": -0.10999999999999943,
  "DXY_1d": -0.08220000000000027
}