{
  "DGS2_1d": 0.06999999999999984,
  "DGS10_1d": 0.019999999999999574,
  "DGS30_1d": 0.040000000000000036,
  "spread_2s10s": 0.6599999999999997,
  "spread_10s30s": 0.6400000000000006,
  "real_10y_1d": 0.020000000000000018,
  "term_premium_10y_1d": -0.0031999999999999806,
  "CPI_YoY": 2.653312468710922,
  "CoreCPI_YoY": 2.648965653766222,
  "PCE_YoY": 2.772852363262901,
  "CorePCE_YoY": 2.7911779416272653,
  "PAYEMS_MoM": 130.0,
  "UNRATE_MoM": -0.10000000000000053,
  "AHETPI_YoY": 3.7674569665475888,
  "CIVPART_MoM": 0.10000000000000142,
  "ICSA_WoW": -5000.0,
  "CCSA_WoW": 21000.0,
  "INDPRO_MoM": 0.3722000000000065,
  "RSXFS_MoM": 27.0,
  "HOUST_MoM": -60.0,
  "UMCSENT_MoM": 1.8999999999999986,
  "TCU_MoM": 0.18599999999999284,
  "WALCL_WoW": 16473.0,
  "RRP_WoW": 1.0959999999999999,
  "TGA_WoW": 6533.0,
  "SP500_1d": -0.3400000000001455,
  "VIX_1d": -0.14000000000000057,
  "DXY_1d": -0.26269999999999527
}