{
  "DGS2_1d": 0.04999999999999982,
  "DGS10_1d": 0.040000000000000036,
  "DGS30_1d": 0.020000000000000462,
  "spread_2s10s": 0.3600000000000003,
  "spread_10s30s": 0.4800000000000004,
  "real_10y_1d": 0.020000000000000018,
  "term_premium_10y_1d": -0.0014000000000000679,
  "CPI_YoY": 3.463530729385411,
  "CoreCPI_YoY": 2.5657850563697515,
  "PCE_YoY": 4.072638075644863,
  "CorePCE_YoY": 3.412035932904045,
  "PAYEMS_MoM": 57.0,
  "UNRATE_MoM": -0.09999999999999964,
  "AHETPI_YoY": 3.417438518045368,
  "CIVPART_MoM": -0.29999999999999716,
  "ICSA_WoW": -22000.0,
  "CCSA_WoW": -2000.0,
  "INDPRO_MoM": 0.07890000000000441,
  "RSXFS_MoM": 1617.0,
  "HOUST_MoM": 228.0,
  "UMCSENT_MoM": -5.0,
  "TCU_MoM": -0.008200000000002206,
  "WALCL_WoW": 4350.0,
  "RRP_WoW": 0.779,
  "TGA_WoW": 73405.0,
  "SP500_1d": -90.65999999999985,
  "VIX_1d": 2.0599999999999987,
  "DXY_1d": 0.20049999999999102
}