{
  "DGS2_1d": -0.010000000000000231,
  "DGS10_1d": 0.0,
  "DGS30_1d": 0.010000000000000675,
  "spread_2s10s": 0.5100000000000002,
  "spread_10s30s": 0.6100000000000003,
  "real_10y_1d": -0.010000000000000009,
  "term_premium_10y_1d": 0.01650000000000007,
  "CPI_YoY": 3.2859577528651984,
  "CoreCPI_YoY": 2.602167705486824,
  "PCE_YoY": 2.801756656951593,
  "CorePCE_YoY": 2.9677574014143726,
  "PAYEMS_MoM": 178.0,
  "UNRATE_MoM": -0.10000000000000053,
  "AHETPI_YoY": 3.3849129593810368,
  "CIVPART_MoM": -0.10000000000000142,
  "ICSA_WoW": 16000.0,
  "CCSA_WoW": -38000.0,
  "INDPRO_MoM": null,
  "RSXFS_MoM": 3991.0,
  "HOUST_MoM": 100.0,
  "UMCSENT_MoM": 0.20000000000000284,
  "TCU_MoM": 0.041700000000005844,
  "WALCL_WoW": 18527.0,
  "RRP_WoW": null,
  "TGA_WoW": null,
  "SP500_1d": -7.769999999999527,
  "VIX_1d": -1.5500000000000007,
  "DXY_1d": 0.15349999999999397
}