{
  "DGS2_1d": 0.07000000000000028,
  "DGS10_1d": 0.05999999999999961,
  "DGS30_1d": 0.08000000000000007,
  "spread_2s10s": 0.5699999999999998,
  "spread_10s30s": 0.6500000000000004,
  "real_10y_1d": 0.030000000000000027,
  "term_premium_10y_1d": 0.01090000000000002,
  "CPI_YoY": 2.4340041103732224,
  "CoreCPI_YoY": 2.4724624767640258,
  "PCE_YoY": 2.8321519411244056,
  "CorePCE_YoY": 3.0556960196489236,
  "PAYEMS_MoM": -92.0,
  "UNRATE_MoM": 0.10000000000000053,
  "AHETPI_YoY": 3.6905147296859786,
  "CIVPART_MoM": -0.10000000000000142,
  "ICSA_WoW": -1000.0,
  "CCSA_WoW": -21000.0,
  "INDPRO_MoM": 0.7116000000000042,
  "RSXFS_MoM": -964.0,
  "HOUST_MoM": 100.0,
  "UMCSENT_MoM": 3.5,
  "TCU_MoM": 0.468599999999995,
  "WALCL_WoW": 17450.0,
  "RRP_WoW": -2.656,
  "TGA_WoW": 6133.0,
  "SP500_1d": -103.18000000000029,
  "VIX_1d": 3.0599999999999987,
  "DXY_1d": -0.07729999999999393
}