{
  "DGS2_1d": 0.020000000000000018,
  "DGS10_1d": 0.009999999999999787,
  "DGS30_1d": -0.010000000000000675,
  "spread_2s10s": 0.46999999999999975,
  "spread_10s30s": 0.5499999999999998,
  "real_10y_1d": 0.010000000000000009,
  "term_premium_10y_1d": -0.008700000000000041,
  "CPI_YoY": 3.7792458367415627,
  "CoreCPI_YoY": 2.7433094309685213,
  "PCE_YoY": 3.496081498479442,
  "CorePCE_YoY": 3.202758906974701,
  "PAYEMS_MoM": 115.0,
  "UNRATE_MoM": 0.0,
  "AHETPI_YoY": 3.666773882277252,
  "CIVPART_MoM": -0.10000000000000142,
  "ICSA_WoW": 12000.0,
  "CCSA_WoW": 24000.0,
  "INDPRO_MoM": 0.6903000000000077,
  "RSXFS_MoM": 3075.0,
  "HOUST_MoM": 146.0,
  "UMCSENT_MoM": -3.3000000000000043,
  "TCU_MoM": 0.44780000000000086,
  "WALCL_WoW": 18997.0,
  "RRP_WoW": -0.14,
  "TGA_WoW": -39177.0,
  "SP500_1d": -92.73999999999978,
  "VIX_1d": 1.1699999999999982,
  "DXY_1d": 0.02759999999999252
}