{
  "DGS2_1d": 0.06000000000000005,
  "DGS10_1d": 0.010000000000000675,
  "DGS30_1d": 0.0,
  "spread_2s10s": null,
  "spread_10s30s": null,
  "real_10y_1d": 0.010000000000000009,
  "term_premium_10y_1d": null,
  "CPI_YoY": null,
  "CoreCPI_YoY": null,
  "PCE_YoY": null,
  "CorePCE_YoY": null,
  "PAYEMS_MoM": null,
  "UNRATE_MoM": -0.10000000000000053,
  "AHETPI_YoY": null,
  "CIVPART_MoM": -0.10000000000000142,
  "ICSA_WoW": -26000.0,
  "CCSA_WoW": -23000.0,
  "INDPRO_MoM": null,
  "RSXFS_MoM": 12152.0,
  "HOUST_MoM": 146.0,
  "UMCSENT_MoM": -3.3000000000000043,
  "TCU_MoM": null,
  "WALCL_WoW": null,
  "RRP_WoW": null,
  "TGA_WoW": 254614.0,
  "SP500_1d": -2.850000000000364,
  "VIX_1d": 0.9800000000000004,
  "DXY_1d": 0.013899999999992474
}