{
  "DGS2_1d": -0.020000000000000018,
  "DGS10_1d": -0.03000000000000025,
  "DGS30_1d": null,
  "spread_2s10s": 0.48,
  "spread_10s30s": 0.5700000000000003,
  "real_10y_1d": -0.030000000000000027,
  "term_premium_10y_1d": -0.008700000000000041,
  "CPI_YoY": 3.7792458367415627,
  "CoreCPI_YoY": 2.7433094309685213,
  "PCE_YoY": 3.496081498479442,
  "CorePCE_YoY": 3.202758906974701,
  "PAYEMS_MoM": 115.0,
  "UNRATE_MoM": 0.0,
  "AHETPI_YoY": 3.666773882277252,
  "CIVPART_MoM": -0.10000000000000142,
  "ICSA_WoW": 10000.0,
  "CCSA_WoW": null,
  "INDPRO_MoM": -0.5541999999999945,
  "RSXFS_MoM": 12152.0,
  "HOUST_MoM": null,
  "UMCSENT_MoM": null,
  "TCU_MoM": null,
  "WALCL_WoW": null,
  "RRP_WoW": null,
  "TGA_WoW": null,
  "SP500_1d": null,
  "VIX_1d": null,
  "DXY_1d": null
}