{
  "DGS2_1d": 0.010000000000000231,
  "DGS10_1d": 0.0,
  "DGS30_1d": 0.010000000000000675,
  "spread_2s10s": 0.5099999999999998,
  "spread_10s30s": 0.6000000000000005,
  "real_10y_1d": 0.0,
  "term_premium_10y_1d": -0.022599999999999953,
  "CPI_YoY": 3.2859577528651984,
  "CoreCPI_YoY": 2.602167705486824,
  "PCE_YoY": 2.801756656951593,
  "CorePCE_YoY": 2.9677574014143726,
  "PAYEMS_MoM": 178.0,
  "UNRATE_MoM": -0.10000000000000053,
  "AHETPI_YoY": null,
  "CIVPART_MoM": null,
  "ICSA_WoW": null,
  "CCSA_WoW": 12000.0,
  "INDPRO_MoM": null,
  "RSXFS_MoM": 12152.0,
  "HOUST_MoM": 100.0,
  "UMCSENT_MoM": null,
  "TCU_MoM": null,
  "WALCL_WoW": null,
  "RRP_WoW": null,
  "TGA_WoW": null,
  "SP500_1d": -29.5,
  "VIX_1d": null,
  "DXY_1d": null
}