{
  "DGS2_1d": 0.03000000000000025,
  "DGS10_1d": 0.03000000000000025,
  "DGS30_1d": 0.020000000000000462,
  "spread_2s10s": 0.41000000000000014,
  "spread_10s30s": 0.5,
  "real_10y_1d": 0.040000000000000036,
  "term_premium_10y_1d": -0.00990000000000002,
  "CPI_YoY": 3.7792458367415627,
  "CoreCPI_YoY": 2.7433094309685213,
  "PCE_YoY": 3.7669441141498172,
  "CorePCE_YoY": 3.289190610508208,
  "PAYEMS_MoM": 172.0,
  "UNRATE_MoM": 0.0,
  "AHETPI_YoY": 3.5576923076923173,
  "CIVPART_MoM": 0.0,
  "ICSA_WoW": 13000.0,
  "CCSA_WoW": -8000.0,
  "INDPRO_MoM": 0.6903000000000077,
  "RSXFS_MoM": 3075.0,
  "HOUST_MoM": -42.0,
  "UMCSENT_MoM": -3.5,
  "TCU_MoM": 0.44780000000000086,
  "WALCL_WoW": 7112.0,
  "RRP_WoW": -10.916,
  "TGA_WoW": 45417.0,
  "SP500_1d": 30.63000000000011,
  "VIX_1d": -0.6599999999999984,
  "DXY_1d": -0.15350000000000819
}