{
  "DGS2_1d": 0.06999999999999984,
  "DGS10_1d": 0.04999999999999982,
  "DGS30_1d": 0.03000000000000025,
  "spread_2s10s": 0.48999999999999977,
  "spread_10s30s": 0.5500000000000007,
  "real_10y_1d": 0.050000000000000266,
  "term_premium_10y_1d": 0.05700000000000005,
  "CPI_YoY": 2.4340041103732224,
  "CoreCPI_YoY": 2.4724624767640258,
  "PCE_YoY": 2.8321519411244056,
  "CorePCE_YoY": 3.0556960196489236,
  "PAYEMS_MoM": -92.0,
  "UNRATE_MoM": 0.10000000000000053,
  "AHETPI_YoY": 3.6905147296859786,
  "CIVPART_MoM": -0.10000000000000142,
  "ICSA_WoW": -8000.0,
  "CCSA_WoW": 10000.0,
  "INDPRO_MoM": 0.1547000000000054,
  "RSXFS_MoM": -964.0,
  "HOUST_MoM": 100.0,
  "UMCSENT_MoM": 3.5,
  "TCU_MoM": 0.041700000000005844,
  "WALCL_WoW": 9595.0,
  "RRP_WoW": 0.07900000000000007,
  "TGA_WoW": 14866.0,
  "SP500_1d": -24.63000000000011,
  "VIX_1d": 0.8000000000000007,
  "DXY_1d": 0.09550000000000125
}