{
  "DGS2_1d": 0.06000000000000005,
  "DGS10_1d": 0.010000000000000675,
  "DGS30_1d": 0.0,
  "spread_2s10s": 0.5200000000000005,
  "spread_10s30s": 0.5800000000000001,
  "real_10y_1d": 0.010000000000000009,
  "term_premium_10y_1d": -0.011300000000000088,
  "CPI_YoY": 3.2859577528651984,
  "CoreCPI_YoY": 2.602167705486824,
  "PCE_YoY": 3.496081498479442,
  "CorePCE_YoY": 3.202758906974701,
  "PAYEMS_MoM": 178.0,
  "UNRATE_MoM": -0.10000000000000053,
  "AHETPI_YoY": 3.3849129593810368,
  "CIVPART_MoM": -0.10000000000000142,
  "ICSA_WoW": -26000.0,
  "CCSA_WoW": -23000.0,
  "INDPRO_MoM": -0.5541999999999945,
  "RSXFS_MoM": 12152.0,
  "HOUST_MoM": 146.0,
  "UMCSENT_MoM": -3.3000000000000043,
  "TCU_MoM": -0.48109999999999786,
  "WALCL_WoW": 1723.0,
  "RRP_WoW": 0.20899999999999996,
  "TGA_WoW": 254614.0,
  "SP500_1d": -2.850000000000364,
  "VIX_1d": 0.9800000000000004,
  "DXY_1d": 0.013899999999992474
}