{
  "DGS2_1d": null,
  "DGS10_1d": null,
  "DGS30_1d": 0.1299999999999999,
  "spread_2s10s": null,
  "spread_10s30s": null,
  "real_10y_1d": null,
  "term_premium_10y_1d": null,
  "CPI_YoY": 2.4340041103732224,
  "CoreCPI_YoY": 2.4724624767640258,
  "PCE_YoY": null,
  "CorePCE_YoY": null,
  "PAYEMS_MoM": -92.0,
  "UNRATE_MoM": 0.10000000000000053,
  "AHETPI_YoY": 3.6905147296859786,
  "CIVPART_MoM": null,
  "ICSA_WoW": null,
  "CCSA_WoW": null,
  "INDPRO_MoM": 0.1547000000000054,
  "RSXFS_MoM": -964.0,
  "HOUST_MoM": 100.0,
  "UMCSENT_MoM": null,
  "TCU_MoM": null,
  "WALCL_WoW": 9595.0,
  "RRP_WoW": null,
  "TGA_WoW": 14866.0,
  "SP500_1d": null,
  "VIX_1d": null,
  "DXY_1d": null
}