{
  "DGS2_1d": 0.04999999999999982,
  "DGS10_1d": 0.0600000000000005,
  "DGS30_1d": 0.040000000000000036,
  "spread_2s10s": 0.3600000000000003,
  "spread_10s30s": 0.47999999999999954,
  "real_10y_1d": 0.040000000000000036,
  "term_premium_10y_1d": 0.011700000000000044,
  "CPI_YoY": 3.463530729385411,
  "CoreCPI_YoY": 2.5657850563697515,
  "PCE_YoY": 4.072638075644863,
  "CorePCE_YoY": 3.412035932904045,
  "PAYEMS_MoM": 57.0,
  "UNRATE_MoM": -0.09999999999999964,
  "AHETPI_YoY": 3.417438518045368,
  "CIVPART_MoM": -0.29999999999999716,
  "ICSA_WoW": -2000.0,
  "CCSA_WoW": 8000.0,
  "INDPRO_MoM": 0.1384999999999934,
  "RSXFS_MoM": 6819.0,
  "HOUST_MoM": -215.0,
  "UMCSENT_MoM": -5.0,
  "TCU_MoM": 0.03740000000000521,
  "WALCL_WoW": 11045.0,
  "RRP_WoW": -3.196,
  "TGA_WoW": -106175.0,
  "SP500_1d": 28.25,
  "VIX_1d": -0.6600000000000001,
  "DXY_1d": -0.24840000000000373
}