{
  "DGS2_1d": -0.009999999999999787,
  "DGS10_1d": -0.03000000000000025,
  "DGS30_1d": null,
  "spread_2s10s": null,
  "spread_10s30s": null,
  "real_10y_1d": -0.029999999999999805,
  "term_premium_10y_1d": null,
  "CPI_YoY": 3.7792458367415627,
  "CoreCPI_YoY": 2.7433094309685213,
  "PCE_YoY": null,
  "CorePCE_YoY": null,
  "PAYEMS_MoM": 115.0,
  "UNRATE_MoM": 0.0,
  "AHETPI_YoY": null,
  "CIVPART_MoM": null,
  "ICSA_WoW": null,
  "CCSA_WoW": 15000.0,
  "INDPRO_MoM": 0.6903000000000077,
  "RSXFS_MoM": null,
  "HOUST_MoM": null,
  "UMCSENT_MoM": null,
  "TCU_MoM": 0.44780000000000086,
  "WALCL_WoW": -9260.0,
  "RRP_WoW": null,
  "TGA_WoW": null,
  "SP500_1d": 16.43000000000029,
  "VIX_1d": -0.5499999999999989,
  "DXY_1d": null
}