{
  "DGS2_1d": -0.07000000000000028,
  "DGS10_1d": -0.04999999999999982,
  "DGS30_1d": -0.02999999999999936,
  "spread_2s10s": 0.6400000000000001,
  "spread_10s30s": 0.6500000000000004,
  "real_10y_1d": -0.030000000000000027,
  "term_premium_10y_1d": -0.03200000000000003,
  "CPI_YoY": 2.391201432150014,
  "CoreCPI_YoY": 2.512028782828879,
  "PCE_YoY": 2.772852363262901,
  "CorePCE_YoY": 2.7911779416272653,
  "PAYEMS_MoM": 130.0,
  "UNRATE_MoM": -0.10000000000000053,
  "AHETPI_YoY": 3.7674569665475888,
  "CIVPART_MoM": 0.10000000000000142,
  "ICSA_WoW": -5000.0,
  "CCSA_WoW": 21000.0,
  "INDPRO_MoM": 0.7116000000000042,
  "RSXFS_MoM": 27.0,
  "HOUST_MoM": 82.0,
  "UMCSENT_MoM": 1.8999999999999986,
  "TCU_MoM": 0.468599999999995,
  "WALCL_WoW": 16473.0,
  "RRP_WoW": -1.006,
  "TGA_WoW": 6533.0,
  "SP500_1d": 7.050000000000182,
  "VIX_1d": -0.9100000000000001,
  "DXY_1d": -0.011799999999993815
}