{
  "DGS2_1d": 0.0,
  "DGS10_1d": -0.010000000000000675,
  "DGS30_1d": null,
  "spread_2s10s": null,
  "spread_10s30s": null,
  "real_10y_1d": -0.030000000000000027,
  "term_premium_10y_1d": -0.011300000000000088,
  "CPI_YoY": 3.2859577528651984,
  "CoreCPI_YoY": 2.602167705486824,
  "PCE_YoY": null,
  "CorePCE_YoY": null,
  "PAYEMS_MoM": 178.0,
  "UNRATE_MoM": -0.10000000000000053,
  "AHETPI_YoY": null,
  "CIVPART_MoM": -0.10000000000000142,
  "ICSA_WoW": -26000.0,
  "CCSA_WoW": -23000.0,
  "INDPRO_MoM": -0.5541999999999945,
  "RSXFS_MoM": 12152.0,
  "HOUST_MoM": 146.0,
  "UMCSENT_MoM": -3.3000000000000043,
  "TCU_MoM": -0.48109999999999786,
  "WALCL_WoW": -7469.0,
  "RRP_WoW": 0.255,
  "TGA_WoW": null,
  "SP500_1d": null,
  "VIX_1d": 1.3000000000000007,
  "DXY_1d": -0.27840000000000487
}