{
  "DGS2_1d": 0.08999999999999986,
  "DGS10_1d": 0.1200000000000001,
  "DGS30_1d": 0.10000000000000053,
  "spread_2s10s": 0.5,
  "spread_10s30s": 0.5300000000000002,
  "real_10y_1d": 0.10000000000000009,
  "term_premium_10y_1d": -0.008700000000000041,
  "CPI_YoY": 3.7792458367415627,
  "CoreCPI_YoY": 2.7433094309685213,
  "PCE_YoY": 3.496081498479442,
  "CorePCE_YoY": 3.202758906974701,
  "PAYEMS_MoM": 115.0,
  "UNRATE_MoM": 0.0,
  "AHETPI_YoY": 3.666773882277252,
  "CIVPART_MoM": -0.10000000000000142,
  "ICSA_WoW": 12000.0,
  "CCSA_WoW": 24000.0,
  "INDPRO_MoM": 0.6903000000000077,
  "RSXFS_MoM": 3075.0,
  "HOUST_MoM": 146.0,
  "UMCSENT_MoM": -3.3000000000000043,
  "TCU_MoM": 0.44780000000000086,
  "WALCL_WoW": 18997.0,
  "RRP_WoW": 6.06,
  "TGA_WoW": -39177.0,
  "SP500_1d": -5.449999999999818,
  "VIX_1d": -0.6099999999999994,
  "DXY_1d": 0.6128999999999962
}