{
  "DGS2_1d": null,
  "DGS10_1d": null,
  "DGS30_1d": -0.02999999999999936,
  "spread_2s10s": null,
  "spread_10s30s": null,
  "real_10y_1d": -0.029999999999999805,
  "term_premium_10y_1d": 0.0011999999999999789,
  "CPI_YoY": null,
  "CoreCPI_YoY": null,
  "PCE_YoY": 3.7669441141498172,
  "CorePCE_YoY": 3.289190610508208,
  "PAYEMS_MoM": null,
  "UNRATE_MoM": null,
  "AHETPI_YoY": 3.666773882277252,
  "CIVPART_MoM": -0.10000000000000142,
  "ICSA_WoW": 5000.0,
  "CCSA_WoW": 15000.0,
  "INDPRO_MoM": null,
  "RSXFS_MoM": null,
  "HOUST_MoM": -42.0,
  "UMCSENT_MoM": -3.5,
  "TCU_MoM": null,
  "WALCL_WoW": null,
  "RRP_WoW": 10.712,
  "TGA_WoW": 49003.0,
  "SP500_1d": null,
  "VIX_1d": null,
  "DXY_1d": -0.08220000000000027
}