{
  "DGS2_1d": -0.010000000000000231,
  "DGS10_1d": null,
  "DGS30_1d": null,
  "spread_2s10s": 0.4700000000000002,
  "spread_10s30s": null,
  "real_10y_1d": null,
  "term_premium_10y_1d": 0.0011999999999999789,
  "CPI_YoY": 3.7792458367415627,
  "CoreCPI_YoY": null,
  "PCE_YoY": null,
  "CorePCE_YoY": 3.289190610508208,
  "PAYEMS_MoM": 115.0,
  "UNRATE_MoM": null,
  "AHETPI_YoY": null,
  "CIVPART_MoM": -0.10000000000000142,
  "ICSA_WoW": 5000.0,
  "CCSA_WoW": null,
  "INDPRO_MoM": null,
  "RSXFS_MoM": 3075.0,
  "HOUST_MoM": -42.0,
  "UMCSENT_MoM": null,
  "TCU_MoM": null,
  "WALCL_WoW": -9260.0,
  "RRP_WoW": 0.3370000000000001,
  "TGA_WoW": null,
  "SP500_1d": null,
  "VIX_1d": null,
  "DXY_1d": -0.15350000000000819
}