{
  "DGS2_1d": 0.009999999999999787,
  "DGS10_1d": 0.0,
  "DGS30_1d": -0.03000000000000025,
  "spread_2s10s": 0.6499999999999999,
  "spread_10s30s": 0.5800000000000001,
  "real_10y_1d": 0.030000000000000027,
  "term_premium_10y_1d": 0.023799999999999932,
  "CPI_YoY": 2.653312468710922,
  "CoreCPI_YoY": 2.648965653766222,
  "PCE_YoY": 2.772852363262901,
  "CorePCE_YoY": 2.7911779416272653,
  "PAYEMS_MoM": 50.0,
  "UNRATE_MoM": -0.09999999999999964,
  "AHETPI_YoY": 3.55396152592109,
  "CIVPART_MoM": -0.10000000000000142,
  "ICSA_WoW": 1000.0,
  "CCSA_WoW": -26000.0,
  "INDPRO_MoM": 0.3722000000000065,
  "RSXFS_MoM": 3915.0,
  "HOUST_MoM": -60.0,
  "UMCSENT_MoM": 1.8999999999999986,
  "TCU_MoM": 0.18599999999999284,
  "WALCL_WoW": 2880.0,
  "RRP_WoW": -0.29499999999999993,
  "TGA_WoW": 90086.0,
  "SP500_1d": 37.73000000000047,
  "VIX_1d": -1.259999999999998,
  "DXY_1d": 0.08490000000000464
}