{
  "DGS2_1d": -0.019999999999999574,
  "DGS10_1d": 0.009999999999999787,
  "DGS30_1d": 0.020000000000000462,
  "spread_2s10s": 0.40999999999999925,
  "spread_10s30s": 0.47000000000000064,
  "real_10y_1d": 0.020000000000000018,
  "term_premium_10y_1d": 0.03649999999999998,
  "CPI_YoY": 3.7792458367415627,
  "CoreCPI_YoY": 2.7433094309685213,
  "PCE_YoY": 3.7669441141498172,
  "CorePCE_YoY": 3.289190610508208,
  "PAYEMS_MoM": 172.0,
  "UNRATE_MoM": 0.0,
  "AHETPI_YoY": 3.5576923076923173,
  "CIVPART_MoM": 0.0,
  "ICSA_WoW": 13000.0,
  "CCSA_WoW": -8000.0,
  "INDPRO_MoM": 0.6903000000000077,
  "RSXFS_MoM": 3075.0,
  "HOUST_MoM": -42.0,
  "UMCSENT_MoM": -3.5,
  "TCU_MoM": 0.44780000000000086,
  "WALCL_WoW": 7112.0,
  "RRP_WoW": -1.9249999999999998,
  "TGA_WoW": 45417.0,
  "SP500_1d": 21.98999999999978,
  "VIX_1d": -2.59,
  "DXY_1d": 0.7215999999999951
}