{
  "DGS2_1d": -0.029999999999999805,
  "DGS10_1d": 0.010000000000000675,
  "DGS30_1d": 0.020000000000000462,
  "spread_2s10s": 0.5500000000000003,
  "spread_10s30s": 0.6200000000000001,
  "real_10y_1d": 0.030000000000000027,
  "term_premium_10y_1d": 0.01090000000000002,
  "CPI_YoY": 2.4340041103732224,
  "CoreCPI_YoY": 2.4724624767640258,
  "PCE_YoY": 2.8321519411244056,
  "CorePCE_YoY": 3.0556960196489236,
  "PAYEMS_MoM": -92.0,
  "UNRATE_MoM": 0.10000000000000053,
  "AHETPI_YoY": 3.6905147296859786,
  "CIVPART_MoM": -0.10000000000000142,
  "ICSA_WoW": -1000.0,
  "CCSA_WoW": -21000.0,
  "INDPRO_MoM": 0.1547000000000054,
  "RSXFS_MoM": -964.0,
  "HOUST_MoM": 100.0,
  "UMCSENT_MoM": 3.5,
  "TCU_MoM": 0.041700000000005844,
  "WALCL_WoW": 17450.0,
  "RRP_WoW": 0.24999999999999994,
  "TGA_WoW": 6133.0,
  "SP500_1d": 67.19000000000051,
  "VIX_1d": -0.09999999999999787,
  "DXY_1d": 0.7291000000000025
}