{
  "DGS2_1d": 0.06999999999999984,
  "DGS10_1d": 0.019999999999999574,
  "DGS30_1d": null,
  "spread_2s10s": null,
  "spread_10s30s": 0.5200000000000005,
  "real_10y_1d": null,
  "term_premium_10y_1d": 0.0011999999999999789,
  "CPI_YoY": 3.7792458367415627,
  "CoreCPI_YoY": null,
  "PCE_YoY": null,
  "CorePCE_YoY": null,
  "PAYEMS_MoM": 115.0,
  "UNRATE_MoM": 0.0,
  "AHETPI_YoY": null,
  "CIVPART_MoM": null,
  "ICSA_WoW": 5000.0,
  "CCSA_WoW": 15000.0,
  "INDPRO_MoM": null,
  "RSXFS_MoM": null,
  "HOUST_MoM": -42.0,
  "UMCSENT_MoM": -3.5,
  "TCU_MoM": null,
  "WALCL_WoW": null,
  "RRP_WoW": null,
  "TGA_WoW": 49003.0,
  "SP500_1d": 19.899999999999636,
  "VIX_1d": null,
  "DXY_1d": null
}