{
  "DGS2_1d": 0.04999999999999982,
  "DGS10_1d": 0.019999999999999574,
  "DGS30_1d": 0.009999999999999787,
  "spread_2s10s": 0.34999999999999964,
  "spread_10s30s": 0.5,
  "real_10y_1d": 0.009999999999999787,
  "term_premium_10y_1d": 0.010599999999999943,
  "CPI_YoY": 4.166614684049641,
  "CoreCPI_YoY": 2.8229420636110225,
  "PCE_YoY": 4.072638075644863,
  "CorePCE_YoY": 3.412035932904045,
  "PAYEMS_MoM": 57.0,
  "UNRATE_MoM": -0.09999999999999964,
  "AHETPI_YoY": 3.417438518045368,
  "CIVPART_MoM": -0.29999999999999716,
  "ICSA_WoW": -2000.0,
  "CCSA_WoW": 8000.0,
  "INDPRO_MoM": 0.1384999999999934,
  "RSXFS_MoM": 6819.0,
  "HOUST_MoM": -215.0,
  "UMCSENT_MoM": -5.0,
  "TCU_MoM": 0.03740000000000521,
  "WALCL_WoW": 11045.0,
  "RRP_WoW": -1.924,
  "TGA_WoW": -106175.0,
  "SP500_1d": 31.75,
  "VIX_1d": -0.8100000000000005,
  "DXY_1d": -0.24840000000000373
}