{
  "DGS2_1d": 0.0,
  "DGS10_1d": -0.009999999999999787,
  "DGS30_1d": -0.020000000000000462,
  "spread_2s10s": 0.5,
  "spread_10s30s": 0.5499999999999998,
  "real_10y_1d": -0.010000000000000009,
  "term_premium_10y_1d": 0.01650000000000007,
  "CPI_YoY": 2.4340041103732224,
  "CoreCPI_YoY": 2.4724624767640258,
  "PCE_YoY": 2.8321519411244056,
  "CorePCE_YoY": 3.0556960196489236,
  "PAYEMS_MoM": 178.0,
  "UNRATE_MoM": -0.10000000000000053,
  "AHETPI_YoY": 3.3849129593810368,
  "CIVPART_MoM": -0.10000000000000142,
  "ICSA_WoW": -9000.0,
  "CCSA_WoW": 25000.0,
  "INDPRO_MoM": 0.1547000000000054,
  "RSXFS_MoM": 3991.0,
  "HOUST_MoM": 100.0,
  "UMCSENT_MoM": 0.20000000000000284,
  "TCU_MoM": 0.041700000000005844,
  "WALCL_WoW": 18183.0,
  "RRP_WoW": -0.4369999999999994,
  "TGA_WoW": -26359.0,
  "SP500_1d": 5.020000000000437,
  "VIX_1d": 0.3000000000000007,
  "DXY_1d": 0.15349999999999397
}