{
  "DGS2_1d": 0.1200000000000001,
  "DGS10_1d": 0.08999999999999986,
  "DGS30_1d": 0.040000000000000036,
  "spread_2s10s": 0.45999999999999996,
  "spread_10s30s": 0.5099999999999998,
  "real_10y_1d": 0.06000000000000005,
  "term_premium_10y_1d": 0.05700000000000005,
  "CPI_YoY": 2.4340041103732224,
  "CoreCPI_YoY": 2.4724624767640258,
  "PCE_YoY": 2.8321519411244056,
  "CorePCE_YoY": 3.0556960196489236,
  "PAYEMS_MoM": -92.0,
  "UNRATE_MoM": 0.10000000000000053,
  "AHETPI_YoY": 3.6905147296859786,
  "CIVPART_MoM": -0.10000000000000142,
  "ICSA_WoW": 5000.0,
  "CCSA_WoW": -32000.0,
  "INDPRO_MoM": 0.1547000000000054,
  "RSXFS_MoM": -964.0,
  "HOUST_MoM": 100.0,
  "UMCSENT_MoM": 0.20000000000000284,
  "TCU_MoM": 0.041700000000005844,
  "WALCL_WoW": 1222.0,
  "RRP_WoW": 0.17000000000000004,
  "TGA_WoW": 21025.0,
  "SP500_1d": -108.30999999999949,
  "VIX_1d": 2.110000000000003,
  "DXY_1d": 0.09550000000000125
}