{
  "DGS2_1d": 0.0,
  "DGS10_1d": -0.03000000000000025,
  "DGS30_1d": -0.04999999999999982,
  "spread_2s10s": 0.56,
  "spread_10s30s": 0.5999999999999996,
  "real_10y_1d": -0.020000000000000018,
  "term_premium_10y_1d": 0.01090000000000002,
  "CPI_YoY": 2.4340041103732224,
  "CoreCPI_YoY": 2.4724624767640258,
  "PCE_YoY": 2.901287416285925,
  "CorePCE_YoY": 2.9968759058262906,
  "PAYEMS_MoM": -92.0,
  "UNRATE_MoM": 0.10000000000000053,
  "AHETPI_YoY": 3.6905147296859786,
  "CIVPART_MoM": -0.10000000000000142,
  "ICSA_WoW": 0.0,
  "CCSA_WoW": 46000.0,
  "INDPRO_MoM": 0.7116000000000042,
  "RSXFS_MoM": -964.0,
  "HOUST_MoM": 82.0,
  "UMCSENT_MoM": 3.5,
  "TCU_MoM": 0.468599999999995,
  "WALCL_WoW": 15097.0,
  "RRP_WoW": -0.925,
  "TGA_WoW": -55559.0,
  "SP500_1d": -14.510000000000218,
  "VIX_1d": -0.5700000000000003,
  "DXY_1d": -0.07729999999999393
}