{
  "DGS2_1d": -0.029999999999999805,
  "DGS10_1d": -0.05999999999999961,
  "DGS30_1d": -0.0699999999999994,
  "spread_2s10s": 0.71,
  "spread_10s30s": 0.6200000000000001,
  "real_10y_1d": -0.030000000000000027,
  "term_premium_10y_1d": -0.0031999999999999806,
  "CPI_YoY": 2.653312468710922,
  "CoreCPI_YoY": 2.648965653766222,
  "PCE_YoY": 2.772852363262901,
  "CorePCE_YoY": 2.7911779416272653,
  "PAYEMS_MoM": 130.0,
  "UNRATE_MoM": -0.10000000000000053,
  "AHETPI_YoY": 3.7674569665475888,
  "CIVPART_MoM": 0.10000000000000142,
  "ICSA_WoW": 22000.0,
  "CCSA_WoW": 25000.0,
  "INDPRO_MoM": 0.3722000000000065,
  "RSXFS_MoM": 27.0,
  "HOUST_MoM": -60.0,
  "UMCSENT_MoM": 1.8999999999999986,
  "TCU_MoM": 0.18599999999999284,
  "WALCL_WoW": 18341.0,
  "RRP_WoW": -1.366,
  "TGA_WoW": -14269.0,
  "SP500_1d": -0.3400000000001455,
  "VIX_1d": 0.4299999999999997,
  "DXY_1d": -0.26269999999999527
}