{
  "DGS2_1d": -0.04999999999999982,
  "DGS10_1d": -0.08999999999999986,
  "DGS30_1d": -0.08000000000000007,
  "spread_2s10s": 0.2999999999999998,
  "spread_10s30s": 0.4500000000000002,
  "real_10y_1d": -0.06000000000000005,
  "term_premium_10y_1d": -0.014699999999999935,
  "CPI_YoY": 4.166614684049641,
  "CoreCPI_YoY": 2.8229420636110225,
  "PCE_YoY": 4.072638075644863,
  "CorePCE_YoY": 3.412035932904045,
  "PAYEMS_MoM": 172.0,
  "UNRATE_MoM": 0.0,
  "AHETPI_YoY": 3.5576923076923173,
  "CIVPART_MoM": 0.0,
  "ICSA_WoW": -12000.0,
  "CCSA_WoW": 21000.0,
  "INDPRO_MoM": 0.1384999999999934,
  "RSXFS_MoM": 6819.0,
  "HOUST_MoM": -215.0,
  "UMCSENT_MoM": -3.5,
  "TCU_MoM": 0.03740000000000521,
  "WALCL_WoW": -779.0,
  "RRP_WoW": 5.467,
  "TGA_WoW": 37983.0,
  "SP500_1d": -107.32999999999993,
  "VIX_1d": -0.8599999999999994,
  "DXY_1d": 1.0086999999999904
}