{
  "DGS2_1d": null,
  "DGS10_1d": -0.03000000000000025,
  "DGS30_1d": -0.02999999999999936,
  "spread_2s10s": null,
  "spread_10s30s": null,
  "real_10y_1d": -0.029999999999999805,
  "term_premium_10y_1d": 0.0011999999999999789,
  "CPI_YoY": null,
  "CoreCPI_YoY": null,
  "PCE_YoY": 3.7669441141498172,
  "CorePCE_YoY": 3.289190610508208,
  "PAYEMS_MoM": null,
  "UNRATE_MoM": null,
  "AHETPI_YoY": null,
  "CIVPART_MoM": -0.10000000000000142,
  "ICSA_WoW": 5000.0,
  "CCSA_WoW": null,
  "INDPRO_MoM": null,
  "RSXFS_MoM": null,
  "HOUST_MoM": -42.0,
  "UMCSENT_MoM": -3.5,
  "TCU_MoM": null,
  "WALCL_WoW": null,
  "RRP_WoW": null,
  "TGA_WoW": 49003.0,
  "SP500_1d": 16.43000000000029,
  "VIX_1d": null,
  "DXY_1d": null
}