{
  "DGS2_1d": -0.03000000000000025,
  "DGS10_1d": 0.020000000000000462,
  "DGS30_1d": 0.03000000000000025,
  "spread_2s10s": 0.7100000000000004,
  "spread_10s30s": 0.5899999999999999,
  "real_10y_1d": 0.0,
  "term_premium_10y_1d": -0.0050000000000000044,
  "CPI_YoY": 2.653312468710922,
  "CoreCPI_YoY": 2.648965653766222,
  "PCE_YoY": 2.772852363262901,
  "CorePCE_YoY": 2.7911779416272653,
  "PAYEMS_MoM": 50.0,
  "UNRATE_MoM": -0.09999999999999964,
  "AHETPI_YoY": 3.55396152592109,
  "CIVPART_MoM": -0.10000000000000142,
  "ICSA_WoW": -1000.0,
  "CCSA_WoW": -38000.0,
  "INDPRO_MoM": 0.3722000000000065,
  "RSXFS_MoM": 3915.0,
  "HOUST_MoM": -60.0,
  "UMCSENT_MoM": 1.8999999999999986,
  "TCU_MoM": null,
  "WALCL_WoW": null,
  "RRP_WoW": null,
  "TGA_WoW": null,
  "SP500_1d": null,
  "VIX_1d": null,
  "DXY_1d": null
}