{
  "DGS2_1d": -0.010000000000000231,
  "DGS10_1d": 0.0,
  "DGS30_1d": null,
  "spread_2s10s": null,
  "spread_10s30s": 0.54,
  "real_10y_1d": null,
  "term_premium_10y_1d": null,
  "CPI_YoY": 3.7792458367415627,
  "CoreCPI_YoY": 2.7433094309685213,
  "PCE_YoY": null,
  "CorePCE_YoY": 3.289190610508208,
  "PAYEMS_MoM": 115.0,
  "UNRATE_MoM": null,
  "AHETPI_YoY": null,
  "CIVPART_MoM": null,
  "ICSA_WoW": 5000.0,
  "CCSA_WoW": 15000.0,
  "INDPRO_MoM": null,
  "RSXFS_MoM": null,
  "HOUST_MoM": null,
  "UMCSENT_MoM": -3.5,
  "TCU_MoM": 0.44780000000000086,
  "WALCL_WoW": null,
  "RRP_WoW": null,
  "TGA_WoW": 49003.0,
  "SP500_1d": 19.899999999999636,
  "VIX_1d": null,
  "DXY_1d": null
}