{
  "DGS2_1d": -0.009999999999999787,
  "DGS10_1d": -0.03000000000000025,
  "DGS30_1d": -0.02999999999999936,
  "spread_2s10s": null,
  "spread_10s30s": null,
  "real_10y_1d": -0.029999999999999805,
  "term_premium_10y_1d": 0.0011999999999999789,
  "CPI_YoY": null,
  "CoreCPI_YoY": null,
  "PCE_YoY": 3.7669441141498172,
  "CorePCE_YoY": 3.289190610508208,
  "PAYEMS_MoM": null,
  "UNRATE_MoM": 0.0,
  "AHETPI_YoY": 3.666773882277252,
  "CIVPART_MoM": null,
  "ICSA_WoW": null,
  "CCSA_WoW": 15000.0,
  "INDPRO_MoM": 0.6903000000000077,
  "RSXFS_MoM": null,
  "HOUST_MoM": null,
  "UMCSENT_MoM": -3.5,
  "TCU_MoM": 0.44780000000000086,
  "WALCL_WoW": null,
  "RRP_WoW": null,
  "TGA_WoW": 49003.0,
  "SP500_1d": 43.27000000000044,
  "VIX_1d": null,
  "DXY_1d": null
}