{
  "DGS2_1d": -0.019999999999999574,
  "DGS10_1d": -0.010000000000000675,
  "DGS30_1d": 0.0,
  "spread_2s10s": 0.39999999999999947,
  "spread_10s30s": 0.5,
  "real_10y_1d": -0.020000000000000018,
  "term_premium_10y_1d": 0.0040999999999999925,
  "CPI_YoY": 4.166614684049641,
  "CoreCPI_YoY": 2.8229420636110225,
  "PCE_YoY": 3.7669441141498172,
  "CorePCE_YoY": 3.289190610508208,
  "PAYEMS_MoM": 172.0,
  "UNRATE_MoM": 0.0,
  "AHETPI_YoY": 3.5576923076923173,
  "CIVPART_MoM": 0.0,
  "ICSA_WoW": 4000.0,
  "CCSA_WoW": 24000.0,
  "INDPRO_MoM": 0.1384999999999934,
  "RSXFS_MoM": 6819.0,
  "HOUST_MoM": -215.0,
  "UMCSENT_MoM": -3.5,
  "TCU_MoM": 0.03740000000000521,
  "WALCL_WoW": 13902.0,
  "RRP_WoW": 10.144,
  "TGA_WoW": -47591.0,
  "SP500_1d": -42.9399999999996,
  "VIX_1d": 0.21000000000000085,
  "DXY_1d": -0.6101000000000028
}