{
  "DGS2_1d": -0.020000000000000018,
  "DGS10_1d": 0.0,
  "DGS30_1d": 0.0,
  "spread_2s10s": 0.48,
  "spread_10s30s": 0.5700000000000003,
  "real_10y_1d": 0.0,
  "term_premium_10y_1d": -0.008700000000000041,
  "CPI_YoY": null,
  "CoreCPI_YoY": null,
  "PCE_YoY": null,
  "CorePCE_YoY": null,
  "PAYEMS_MoM": null,
  "UNRATE_MoM": null,
  "AHETPI_YoY": null,
  "CIVPART_MoM": null,
  "ICSA_WoW": null,
  "CCSA_WoW": 24000.0,
  "INDPRO_MoM": -0.5541999999999945,
  "RSXFS_MoM": 3075.0,
  "HOUST_MoM": 146.0,
  "UMCSENT_MoM": -3.3000000000000043,
  "TCU_MoM": -0.48109999999999786,
  "WALCL_WoW": 18997.0,
  "RRP_WoW": 1.2609999999999997,
  "TGA_WoW": -39177.0,
  "SP500_1d": 43.289999999999964,
  "VIX_1d": -0.11999999999999744,
  "DXY_1d": 0.02759999999999252
}