{
  "DGS2_1d": 0.03000000000000025,
  "DGS10_1d": 0.040000000000000036,
  "DGS30_1d": 0.05999999999999961,
  "spread_2s10s": 0.3100000000000005,
  "spread_10s30s": 0.4899999999999993,
  "real_10y_1d": 0.04999999999999982,
  "term_premium_10y_1d": -0.014000000000000012,
  "CPI_YoY": 4.166614684049641,
  "CoreCPI_YoY": 2.8229420636110225,
  "PCE_YoY": 4.072638075644863,
  "CorePCE_YoY": 3.412035932904045,
  "PAYEMS_MoM": 57.0,
  "UNRATE_MoM": -0.09999999999999964,
  "AHETPI_YoY": 3.417438518045368,
  "CIVPART_MoM": -0.29999999999999716,
  "ICSA_WoW": -1000.0,
  "CCSA_WoW": null,
  "INDPRO_MoM": null,
  "RSXFS_MoM": null,
  "HOUST_MoM": null,
  "UMCSENT_MoM": null,
  "TCU_MoM": null,
  "WALCL_WoW": null,
  "RRP_WoW": null,
  "TGA_WoW": null,
  "SP500_1d": null,
  "VIX_1d": null,
  "DXY_1d": null
}