{
  "DGS2_1d": 0.0,
  "DGS10_1d": -0.009999999999999787,
  "DGS30_1d": -0.020000000000000462,
  "spread_2s10s": 0.41000000000000014,
  "spread_10s30s": 0.5099999999999998,
  "real_10y_1d": 0.0,
  "term_premium_10y_1d": -0.00990000000000002,
  "CPI_YoY": 3.7792458367415627,
  "CoreCPI_YoY": 2.7433094309685213,
  "PCE_YoY": 3.7669441141498172,
  "CorePCE_YoY": 3.289190610508208,
  "PAYEMS_MoM": 115.0,
  "UNRATE_MoM": 0.0,
  "AHETPI_YoY": 3.666773882277252,
  "CIVPART_MoM": -0.10000000000000142,
  "ICSA_WoW": 13000.0,
  "CCSA_WoW": -8000.0,
  "INDPRO_MoM": 0.6903000000000077,
  "RSXFS_MoM": 3075.0,
  "HOUST_MoM": -42.0,
  "UMCSENT_MoM": -3.5,
  "TCU_MoM": 0.44780000000000086,
  "WALCL_WoW": -9260.0,
  "RRP_WoW": 0.20899999999999985,
  "TGA_WoW": 49003.0,
  "SP500_1d": -56.099999999999454,
  "VIX_1d": 0.28999999999999915,
  "DXY_1d": -0.15350000000000819
}