{
  "DGS2_1d": 0.0,
  "DGS10_1d": -0.03000000000000025,
  "DGS30_1d": -0.010000000000000675,
  "spread_2s10s": 0.52,
  "spread_10s30s": 0.6499999999999995,
  "real_10y_1d": -0.040000000000000036,
  "term_premium_10y_1d": 0.010099999999999998,
  "CPI_YoY": 2.4340041103732224,
  "CoreCPI_YoY": 2.4724624767640258,
  "PCE_YoY": 2.8321519411244056,
  "CorePCE_YoY": 3.0556960196489236,
  "PAYEMS_MoM": -92.0,
  "UNRATE_MoM": 0.10000000000000053,
  "AHETPI_YoY": 3.6905147296859786,
  "CIVPART_MoM": -0.10000000000000142,
  "ICSA_WoW": -1000.0,
  "CCSA_WoW": -21000.0,
  "INDPRO_MoM": 0.1547000000000054,
  "RSXFS_MoM": -964.0,
  "HOUST_MoM": 100.0,
  "UMCSENT_MoM": 3.5,
  "TCU_MoM": 0.041700000000005844,
  "WALCL_WoW": 17450.0,
  "RRP_WoW": 0.1459999999999999,
  "TGA_WoW": 6133.0,
  "SP500_1d": 16.710000000000036,
  "VIX_1d": -1.1400000000000006,
  "DXY_1d": 0.7291000000000025
}