{
  "DGS2_1d": -0.1200000000000001,
  "DGS10_1d": -0.05999999999999961,
  "DGS30_1d": -0.040000000000000036,
  "spread_2s10s": 0.4900000000000002,
  "spread_10s30s": 0.5300000000000002,
  "real_10y_1d": -0.06000000000000005,
  "term_premium_10y_1d": 0.0011999999999999789,
  "CPI_YoY": 3.7792458367415627,
  "CoreCPI_YoY": 2.7433094309685213,
  "PCE_YoY": 3.496081498479442,
  "CorePCE_YoY": 3.202758906974701,
  "PAYEMS_MoM": 115.0,
  "UNRATE_MoM": 0.0,
  "AHETPI_YoY": 3.666773882277252,
  "CIVPART_MoM": -0.10000000000000142,
  "ICSA_WoW": -3000.0,
  "CCSA_WoW": null,
  "INDPRO_MoM": null,
  "RSXFS_MoM": null,
  "HOUST_MoM": null,
  "UMCSENT_MoM": null,
  "TCU_MoM": null,
  "WALCL_WoW": null,
  "RRP_WoW": null,
  "TGA_WoW": null,
  "SP500_1d": null,
  "VIX_1d": null,
  "DXY_1d": null
}