{
  "DGS2_1d": -0.040000000000000036,
  "DGS10_1d": null,
  "DGS30_1d": 0.0,
  "spread_2s10s": null,
  "spread_10s30s": null,
  "real_10y_1d": -0.020000000000000018,
  "term_premium_10y_1d": -0.011300000000000088,
  "CPI_YoY": 3.2859577528651984,
  "CoreCPI_YoY": null,
  "PCE_YoY": 3.496081498479442,
  "CorePCE_YoY": 3.202758906974701,
  "PAYEMS_MoM": 178.0,
  "UNRATE_MoM": null,
  "AHETPI_YoY": 3.3849129593810368,
  "CIVPART_MoM": -0.10000000000000142,
  "ICSA_WoW": -26000.0,
  "CCSA_WoW": -23000.0,
  "INDPRO_MoM": -0.5541999999999945,
  "RSXFS_MoM": 12152.0,
  "HOUST_MoM": 146.0,
  "UMCSENT_MoM": -3.3000000000000043,
  "TCU_MoM": -0.48109999999999786,
  "WALCL_WoW": -7469.0,
  "RRP_WoW": 0.525,
  "TGA_WoW": null,
  "SP500_1d": null,
  "VIX_1d": null,
  "DXY_1d": null
}