{
  "DGS2_1d": 0.08000000000000007,
  "DGS10_1d": 0.05999999999999961,
  "DGS30_1d": 0.040000000000000036,
  "spread_2s10s": null,
  "spread_10s30s": null,
  "real_10y_1d": 0.040000000000000036,
  "term_premium_10y_1d": -0.011300000000000088,
  "CPI_YoY": 3.2859577528651984,
  "CoreCPI_YoY": 2.602167705486824,
  "PCE_YoY": 3.496081498479442,
  "CorePCE_YoY": 3.202758906974701,
  "PAYEMS_MoM": 178.0,
  "UNRATE_MoM": null,
  "AHETPI_YoY": 3.3849129593810368,
  "CIVPART_MoM": null,
  "ICSA_WoW": -26000.0,
  "CCSA_WoW": null,
  "INDPRO_MoM": -0.5541999999999945,
  "RSXFS_MoM": null,
  "HOUST_MoM": 146.0,
  "UMCSENT_MoM": -3.3000000000000043,
  "TCU_MoM": -0.48109999999999786,
  "WALCL_WoW": null,
  "RRP_WoW": null,
  "TGA_WoW": -24039.0,
  "SP500_1d": null,
  "VIX_1d": -1.9199999999999982,
  "DXY_1d": 0.013899999999992474
}