{
  "DGS2_1d": null,
  "DGS10_1d": 0.040000000000000036,
  "DGS30_1d": 0.03000000000000025,
  "spread_2s10s": null,
  "spread_10s30s": 0.5600000000000005,
  "real_10y_1d": 0.020000000000000018,
  "term_premium_10y_1d": -0.008700000000000041,
  "CPI_YoY": 3.7792458367415627,
  "CoreCPI_YoY": 2.7433094309685213,
  "PCE_YoY": 3.496081498479442,
  "CorePCE_YoY": 3.202758906974701,
  "PAYEMS_MoM": 115.0,
  "UNRATE_MoM": 0.0,
  "AHETPI_YoY": null,
  "CIVPART_MoM": -0.10000000000000142,
  "ICSA_WoW": 10000.0,
  "CCSA_WoW": -10000.0,
  "INDPRO_MoM": null,
  "RSXFS_MoM": null,
  "HOUST_MoM": null,
  "UMCSENT_MoM": -3.3000000000000043,
  "TCU_MoM": -0.48109999999999786,
  "WALCL_WoW": 9555.0,
  "RRP_WoW": 0.07699999999999996,
  "TGA_WoW": null,
  "SP500_1d": 13.909999999999854,
  "VIX_1d": 1.1899999999999977,
  "DXY_1d": 0.02759999999999252
}