{
  "DGS2_1d": -0.050000000000000266,
  "DGS10_1d": -0.03000000000000025,
  "DGS30_1d": -0.009999999999999787,
  "spread_2s10s": 0.5299999999999998,
  "spread_10s30s": 0.6000000000000005,
  "real_10y_1d": -0.030000000000000027,
  "term_premium_10y_1d": -0.022599999999999953,
  "CPI_YoY": 3.2859577528651984,
  "CoreCPI_YoY": 2.602167705486824,
  "PCE_YoY": 2.801756656951593,
  "CorePCE_YoY": 2.9677574014143726,
  "PAYEMS_MoM": 178.0,
  "UNRATE_MoM": -0.10000000000000053,
  "AHETPI_YoY": 3.3849129593810368,
  "CIVPART_MoM": -0.10000000000000142,
  "ICSA_WoW": 6000.0,
  "CCSA_WoW": 12000.0,
  "INDPRO_MoM": -0.5541999999999945,
  "RSXFS_MoM": 12152.0,
  "HOUST_MoM": 100.0,
  "UMCSENT_MoM": -3.3000000000000043,
  "TCU_MoM": -0.48109999999999786,
  "WALCL_WoW": 1723.0,
  "RRP_WoW": -0.14,
  "TGA_WoW": 254614.0,
  "SP500_1d": 56.68000000000029,
  "VIX_1d": -0.5999999999999979,
  "DXY_1d": 0.013899999999992474
}