{
  "DGS2_1d": -0.009999999999999787,
  "DGS10_1d": 0.019999999999999574,
  "DGS30_1d": 0.020000000000000462,
  "spread_2s10s": 0.7399999999999998,
  "spread_10s30s": 0.6100000000000003,
  "real_10y_1d": 0.010000000000000009,
  "term_premium_10y_1d": -0.0050000000000000044,
  "CPI_YoY": 2.653312468710922,
  "CoreCPI_YoY": 2.648965653766222,
  "PCE_YoY": 2.772852363262901,
  "CorePCE_YoY": 2.7911779416272653,
  "PAYEMS_MoM": 50.0,
  "UNRATE_MoM": -0.09999999999999964,
  "AHETPI_YoY": 3.55396152592109,
  "CIVPART_MoM": -0.10000000000000142,
  "ICSA_WoW": -1000.0,
  "CCSA_WoW": -38000.0,
  "INDPRO_MoM": 0.3722000000000065,
  "RSXFS_MoM": 3915.0,
  "HOUST_MoM": -60.0,
  "UMCSENT_MoM": 1.8999999999999986,
  "TCU_MoM": 0.18599999999999284,
  "WALCL_WoW": 2988.0,
  "RRP_WoW": 8.925999999999998,
  "TGA_WoW": 53781.0,
  "SP500_1d": -29.980000000000473,
  "VIX_1d": 0.5600000000000023,
  "DXY_1d": 0.46000000000000796
}