{
  "DGS2_1d": -0.020000000000000018,
  "DGS10_1d": 0.0,
  "DGS30_1d": 0.0,
  "spread_2s10s": null,
  "spread_10s30s": 0.5700000000000003,
  "real_10y_1d": 0.0,
  "term_premium_10y_1d": null,
  "CPI_YoY": null,
  "CoreCPI_YoY": null,
  "PCE_YoY": 3.496081498479442,
  "CorePCE_YoY": 3.202758906974701,
  "PAYEMS_MoM": 115.0,
  "UNRATE_MoM": 0.0,
  "AHETPI_YoY": 3.666773882277252,
  "CIVPART_MoM": null,
  "ICSA_WoW": null,
  "CCSA_WoW": null,
  "INDPRO_MoM": -0.5541999999999945,
  "RSXFS_MoM": null,
  "HOUST_MoM": 146.0,
  "UMCSENT_MoM": -3.3000000000000043,
  "TCU_MoM": null,
  "WALCL_WoW": null,
  "RRP_WoW": 1.2609999999999997,
  "TGA_WoW": null,
  "SP500_1d": null,
  "VIX_1d": null,
  "DXY_1d": 0.02759999999999252
}