{
  "DGS2_1d": -0.010000000000000231,
  "DGS10_1d": null,
  "DGS30_1d": null,
  "spread_2s10s": null,
  "spread_10s30s": 0.54,
  "real_10y_1d": null,
  "term_premium_10y_1d": null,
  "CPI_YoY": null,
  "CoreCPI_YoY": null,
  "PCE_YoY": 3.7669441141498172,
  "CorePCE_YoY": 3.289190610508208,
  "PAYEMS_MoM": null,
  "UNRATE_MoM": null,
  "AHETPI_YoY": null,
  "CIVPART_MoM": -0.10000000000000142,
  "ICSA_WoW": 5000.0,
  "CCSA_WoW": null,
  "INDPRO_MoM": null,
  "RSXFS_MoM": null,
  "HOUST_MoM": null,
  "UMCSENT_MoM": -3.5,
  "TCU_MoM": 0.44780000000000086,
  "WALCL_WoW": null,
  "RRP_WoW": null,
  "TGA_WoW": null,
  "SP500_1d": null,
  "VIX_1d": -0.41999999999999993,
  "DXY_1d": -0.15350000000000819
}