{
  "DGS2_1d": -0.04999999999999982,
  "DGS10_1d": -0.019999999999999574,
  "DGS30_1d": -0.009999999999999787,
  "spread_2s10s": 0.3799999999999999,
  "spread_10s30s": 0.5099999999999998,
  "real_10y_1d": 0.0,
  "term_premium_10y_1d": 0.010599999999999943,
  "CPI_YoY": 4.166614684049641,
  "CoreCPI_YoY": 2.8229420636110225,
  "PCE_YoY": 4.072638075644863,
  "CorePCE_YoY": 3.412035932904045,
  "PAYEMS_MoM": 57.0,
  "UNRATE_MoM": -0.09999999999999964,
  "AHETPI_YoY": 3.417438518045368,
  "CIVPART_MoM": -0.29999999999999716,
  "ICSA_WoW": -2000.0,
  "CCSA_WoW": null,
  "INDPRO_MoM": null,
  "RSXFS_MoM": null,
  "HOUST_MoM": null,
  "UMCSENT_MoM": null,
  "TCU_MoM": null,
  "WALCL_WoW": null,
  "RRP_WoW": null,
  "TGA_WoW": null,
  "SP500_1d": null,
  "VIX_1d": null,
  "DXY_1d": null
}