{
  "DGS2_1d": -0.06999999999999984,
  "DGS10_1d": -0.0600000000000005,
  "DGS30_1d": -0.04999999999999982,
  "spread_2s10s": 0.5499999999999998,
  "spread_10s30s": 0.6200000000000001,
  "real_10y_1d": -0.030000000000000027,
  "term_premium_10y_1d": 0.009700000000000042,
  "CPI_YoY": 3.2859577528651984,
  "CoreCPI_YoY": 2.602167705486824,
  "PCE_YoY": 2.801756656951593,
  "CorePCE_YoY": 2.9677574014143726,
  "PAYEMS_MoM": 178.0,
  "UNRATE_MoM": -0.10000000000000053,
  "AHETPI_YoY": 3.3849129593810368,
  "CIVPART_MoM": -0.10000000000000142,
  "ICSA_WoW": -11000.0,
  "CCSA_WoW": 31000.0,
  "INDPRO_MoM": -0.5541999999999945,
  "RSXFS_MoM": 3991.0,
  "HOUST_MoM": 100.0,
  "UMCSENT_MoM": 0.20000000000000284,
  "TCU_MoM": -0.48109999999999786,
  "WALCL_WoW": 11825.0,
  "RRP_WoW": 0.276,
  "TGA_WoW": 2978.0,
  "SP500_1d": -16.920000000000073,
  "VIX_1d": -0.46000000000000085,
  "DXY_1d": -0.2820999999999998
}