{
  "DGS2_1d": -0.04999999999999982,
  "DGS10_1d": -0.03000000000000025,
  "DGS30_1d": 0.0,
  "spread_2s10s": 0.41999999999999993,
  "spread_10s30s": 0.5300000000000002,
  "real_10y_1d": -0.010000000000000231,
  "term_premium_10y_1d": 0.011700000000000044,
  "CPI_YoY": 3.463530729385411,
  "CoreCPI_YoY": 2.5657850563697515,
  "PCE_YoY": 4.072638075644863,
  "CorePCE_YoY": 3.412035932904045,
  "PAYEMS_MoM": 57.0,
  "UNRATE_MoM": -0.09999999999999964,
  "AHETPI_YoY": 3.417438518045368,
  "CIVPART_MoM": -0.29999999999999716,
  "ICSA_WoW": -8000.0,
  "CCSA_WoW": -16000.0,
  "INDPRO_MoM": 0.1384999999999934,
  "RSXFS_MoM": 1617.0,
  "HOUST_MoM": -215.0,
  "UMCSENT_MoM": -5.0,
  "TCU_MoM": 0.03740000000000521,
  "WALCL_WoW": 7419.0,
  "RRP_WoW": -5.647,
  "TGA_WoW": -17844.0,
  "SP500_1d": 28.80999999999949,
  "VIX_1d": -0.8300000000000001,
  "DXY_1d": -0.24840000000000373
}