{
  "DGS2_1d": -0.010000000000000231,
  "DGS10_1d": -0.010000000000000675,
  "DGS30_1d": 0.0,
  "spread_2s10s": 0.6499999999999999,
  "spread_10s30s": 0.6500000000000004,
  "real_10y_1d": -0.020000000000000018,
  "term_premium_10y_1d": 0.0034999999999999476,
  "CPI_YoY": 2.653312468710922,
  "CoreCPI_YoY": 2.648965653766222,
  "PCE_YoY": 2.788247801295074,
  "CorePCE_YoY": 2.8258791894124835,
  "PAYEMS_MoM": 50.0,
  "UNRATE_MoM": -0.09999999999999964,
  "AHETPI_YoY": 3.55396152592109,
  "CIVPART_MoM": -0.10000000000000142,
  "ICSA_WoW": -9000.0,
  "CCSA_WoW": null,
  "INDPRO_MoM": null,
  "RSXFS_MoM": null,
  "HOUST_MoM": null,
  "UMCSENT_MoM": null,
  "TCU_MoM": null,
  "WALCL_WoW": null,
  "RRP_WoW": null,
  "TGA_WoW": null,
  "SP500_1d": null,
  "VIX_1d": null,
  "DXY_1d": null
}